,postID,postTitle,postTime,Author,IP,Link,PushCount,BooCount,ArrorCount
0,1T69-mek,[臉書] 立法委員 黃國昌,Sun Jun 30 19:40:29 2019,thnlkj0665 (灰色地帶),118.150.84.5,https://www.ptt.cc/bbs/Gossiping/M.1561894832.A.A2E.html,269,12,66
1,1T6AIBxz,[問卦] 激動的韓粉攻擊我YT頻道 該如何是好,Sun Jun 30 20:01:00 2019,david5192003 (321),123.110.158.215,https://www.ptt.cc/bbs/Gossiping/M.1561896075.A.EFD.html,180,6,68
2,1T6AJUHU,[問卦] 有沒有大社的八卦？,Sun Jun 30 20:02:23 2019,reexamor (沖繩女婿),42.72.214.16,https://www.ptt.cc/bbs/Gossiping/M.1561896158.A.45E.html,200,2,20
3,1T6AXu2Q,[新聞] 史明：我快走了，以後靠大家打拼,Sun Jun 30 20:17:57 2019,asdwsxzc (喵喵),223.139.170.113,https://www.ptt.cc/bbs/Gossiping/M.1561897080.A.09A.html,1008,58,228
4,1T6AliEV,[新聞] 網友酸要太多 長榮空服回嗆:你們在機上什,Sun Jun 30 20:32:42 2019,haha98 (口合口合九十八),1.161.11.25,https://www.ptt.cc/bbs/Gossiping/M.1561897964.A.39F.html,1040,442,1157
5,1T6CH37O,Re: [新聞] 網友酸要太多 長榮空服回嗆:你們在機上什,Sun Jun 30 22:16:33 2019,reigon1126 (原來是擅長發廢文的朋友),1.161.215.170,https://www.ptt.cc/bbs/Gossiping/M.1561904195.A.1D8.html,184,21,114
6,1T6CbKtH,Re: [新聞] 實價登錄2.0打假？徐永明嗆民進黨：喬選,Sun Jun 30 22:38:08 2019,fytnship (<(￣︶￣),123.204.206.244,https://www.ptt.cc/bbs/Gossiping/M.1561905492.A.DD1.html,152,10,63
7,1T6CjtMB,[新聞] 長榮空服員罷飛爭議 18金釵7/1開記者會說,Sun Jun 30 22:47:16 2019,"zebirlin (ほろ  酔
い)",36.239.141.121,https://www.ptt.cc/bbs/Gossiping/M.1561906039.A.58B.html,239,69,269
8,1T6CplAF,[爆卦] 高雄出現坑了...,Sun Jun 30 22:53:33 2019,simonle (.0.),42.77.211.219,https://www.ptt.cc/bbs/Gossiping/M.1561906415.A.28F.html,208,27,82
9,1T6ENsLJ,[公告] 即日起，臉書分類宣告走入歷史。,Mon Jul  1 00:40:20 2019,Bignana (孤鴻寄語默蒼離),118.171.136.41,https://www.ptt.cc/bbs/Gossiping/M.1561912822.A.553.html,602,44,313
10,1T6IVrF_,[新聞] 高市路平再破功 剛鋪3個月馬路出現大破洞,Mon Jul  1 05:21:54 2019,Workforme (′‧ω‧‵),114.37.134.230,https://www.ptt.cc/bbs/Gossiping/M.1561929717.A.3FF.html,150,15,106
11,1T6KIF-Z,Re: [新聞] 網友酸要太多 長榮空服回嗆:你們在機上什,Mon Jul  1 07:23:57 2019,TAKANA (兒子、妻子*好夢),172.58.6.192,https://www.ptt.cc/bbs/Gossiping/M.1561937039.A.FA3.html,284,20,166
12,1T6LJWKw,[爆卦] 香港71抗爭速報,Mon Jul  1 08:33:32 2019,asity (),115.82.3.217,https://www.ptt.cc/bbs/Gossiping/M.1561941216.A.53A.html,252,3,47
13,1T6MiTTB,[新聞] 與兒導師偷情被夫抓包　董娘自曝1年嘿咻,Mon Jul  1 10:08:27 2019,FourOneJ (41j),42.73.86.214,https://www.ptt.cc/bbs/Gossiping/M.1561946909.A.74B.html,114,2,36
14,1T6MtwHS,[新聞] 韓國瑜支持度30％險勝郭台銘29％ 綠營選,Mon Jul  1 10:20:40 2019,akway (生活就是要快樂),114.42.159.199,https://www.ptt.cc/bbs/Gossiping/M.1561947642.A.45C.html,132,14,63
15,1T6N4GQw,[新聞] 蘇貞昌：5000萬防治經費早核准 高雄至今,Mon Jul  1 10:33:50 2019,hyscout (廠廠),61.220.141.211,https://www.ptt.cc/bbs/Gossiping/M.1561948432.A.6BA.html,324,80,240
16,1T6NtAiK,[新聞] 空服員「應援之夜」 7/2晚間凱道登場見,Mon Jul  1 11:28:06 2019,notepad67 (甄姬拔劍),60.250.48.112,https://www.ptt.cc/bbs/Gossiping/M.1561951690.A.B14.html,164,50,145
17,1T6NvufW,[新聞] 民調／蔡英文聲勢上漲 三腳督藍綠對決都,Mon Jul  1 11:31:01 2019,Aqqqa (Aqqqa),163.25.94.210,https://www.ptt.cc/bbs/Gossiping/M.1561951864.A.A60.html,161,31,62
18,1T6O35lN,[問卦] 長榮罷工 請董事長敬啟,Mon Jul  1 11:40:51 2019,milukuti (紅茶拿鐵),42.73.114.235,https://www.ptt.cc/bbs/Gossiping/M.1561952453.A.BD7.html,229,25,117
19,1T6O3ZR4,[新聞] 長榮罷工／兒偷拍空服被抓包　爸惱怒嗆罷,Mon Jul  1 11:41:20 2019,pinkgogo (coco),180.204.193.211,https://www.ptt.cc/bbs/Gossiping/M.1561952483.A.6C4.html,199,65,161
20,1T6ODUI3,[新聞] 民眾穿「檳榔裝」諷綠轉紅 柯文哲：多吃,Mon Jul  1 11:51:55 2019,batt0909 (小魚),118.150.251.53,https://www.ptt.cc/bbs/Gossiping/M.1561953118.A.483.html,248,41,114
21,1T6O-QKW,[新聞] 慘了！膿瘍誤認是癌症 名醫切掉病人陰莖,Mon Jul  1 12:44:07 2019,kingtama (立志成為唬爛王),60.251.130.135,https://www.ptt.cc/bbs/Gossiping/M.1561956250.A.520.html,179,11,73
22,1T6PR9A_,[新聞] 蘇貞昌批韓國瑜趴趴走又亂放話:登革熱500,Mon Jul  1 13:14:47 2019,richshen (哇哈哈),27.147.20.216,https://www.ptt.cc/bbs/Gossiping/M.1561958089.A.2BF.html,137,28,79
23,1T6PhvH7,[爆卦] 香港人嘗試衝入立法樓,Mon Jul  1 13:32:39 2019,open123 (顆顆開),220.130.200.194,https://www.ptt.cc/bbs/Gossiping/M.1561959161.A.447.html,134,4,57
24,1T6Q7HjN,[爆卦] 香港人試圖進入立法會 輕型衝撞車出現,Mon Jul  1 14:01:51 2019,flower42 (栗悟飯與龜波功),111.82.48.154,https://www.ptt.cc/bbs/Gossiping/M.1561960913.A.B57.html,276,25,165
25,1T6Qks2Y,[爆卦] 長榮反擊工會記者會直播,Mon Jul  1 14:44:04 2019,poseysugar (葵),123.192.157.40,https://www.ptt.cc/bbs/Gossiping/M.1561963446.A.0A2.html,223,9,233
26,1T6R6nfv,[新聞] 90歲榮民堅持娶50歲陸配 他生前想離婚不,Mon Jul  1 15:09:31 2019,orionbeer (沖繩啤酒),180.217.107.145,https://www.ptt.cc/bbs/Gossiping/M.1561964977.A.A79.html,194,27,110
27,1T6RV4LM,[新聞] 批實價登錄2.0髮夾彎 民團：證明建商才是,Mon Jul  1 15:35:29 2019,yfme (台螢),114.40.253.224,https://www.ptt.cc/bbs/Gossiping/M.1561966532.A.556.html,534,81,375
28,1T6RmQjr,[爆卦] 韓粉佔領銅鑼灣？,Mon Jul  1 15:54:00 2019,mabeedasan (麻比打桑),182.239.82.230,https://www.ptt.cc/bbs/Gossiping/M.1561967642.A.B75.html,161,14,112
29,1T6Rr-7f,Re: [新聞] 實價登錄修法闖關 時力：民進黨背棄選前,Mon Jul  1 15:59:56 2019,satanhotdog (satanhotdog),101.13.225.161,https://www.ptt.cc/bbs/Gossiping/M.1561967998.A.1E9.html,241,11,50
30,1T6Rwc-M,[新聞] 花費22年時間 台灣終於成功撲滅從中國傳,Mon Jul  1 16:04:51 2019,bloodydevil (蒼神之月),42.74.132.14,https://www.ptt.cc/bbs/Gossiping/M.1561968294.A.F96.html,263,24,129
31,1T6Ry0vb,[新聞] 柯建銘轟「假道德麥卡錫主義」黃國昌反擊,Mon Jul  1 16:06:21 2019,aaaba (小強),1.200.33.240,https://www.ptt.cc/bbs/Gossiping/M.1561968384.A.E65.html,220,21,90
32,1T6S8Jim,[新聞] 梁家輝冒雨挺港警！粉絲心碎 怒折鍾鎮濤,Mon Jul  1 16:19:26 2019,pooznn (我~~~是來被打臉滴!!!),1.160.78.5,https://www.ptt.cc/bbs/Gossiping/M.1561969171.A.B30.html,352,80,278
33,1T6SgR2o,Re: [新聞] 批實價登錄2.0髮夾彎 民團：證明建商才是,Mon Jul  1 16:55:53 2019,zzahoward (Cheshire Cat),59.124.117.163,https://www.ptt.cc/bbs/Gossiping/M.1561971355.A.0B2.html,432,39,126
34,1T6SnkMb,[問卦] 館長爬象山 怎麼會被快70歲的電爆？,Mon Jul  1 17:03:40 2019,IDEX ( ),223.136.14.197,https://www.ptt.cc/bbs/Gossiping/M.1561971822.A.5A5.html,347,61,370
35,1T6SpLQ5,Re: [問卦] 柯粉怎麼了？,Mon Jul  1 17:05:23 2019,nelsonxx (阿沙布魯),59.120.137.98,https://www.ptt.cc/bbs/Gossiping/M.1561971925.A.685.html,310,144,274
36,1T6S_6eN,[新聞] 柯嗆「假道學、麥卡錫主義 黃國昌：關說,Mon Jul  1 17:17:56 2019,spidina (),36.237.20.22,https://www.ptt.cc/bbs/Gossiping/M.1561972678.A.A17.html,373,57,137
37,1T6T6TUI,[爆卦] 香港立法會的門被撞破啦,Mon Jul  1 17:25:47 2019,ccps970915 (冠),27.246.232.115,https://www.ptt.cc/bbs/Gossiping/M.1561973149.A.792.html,176,7,58
38,1T6T8b-S,[問卦] 遇到伸手牌機掰同學怎麼回？急,Mon Jul  1 17:28:03 2019,ray9592197 (雞排要切不要香菜),110.26.73.22,https://www.ptt.cc/bbs/Gossiping/M.1561973285.A.F9C.html,241,30,165
39,1T6TUnKH,[爆卦] 韓導市府下架天坑路段3月宣傳路平的新聞!,Mon Jul  1 17:51:41 2019,soyud12 (挖),101.136.192.123,https://www.ptt.cc/bbs/Gossiping/M.1561974705.A.511.html,259,34,81
40,1T6TdmmM,Fw: [倒了] 還願中國發行商Indievent被勒令停業,Mon Jul  1 18:01:19 2019,lovejiyeon (吾名惠惠!!),60.250.70.103,https://www.ptt.cc/bbs/Gossiping/M.1561975280.A.C16.html,259,19,122
41,1T6TpB0Z,[新聞] 金門孔雀為患 一隻六百收不完,Mon Jul  1 18:13:27 2019,SureFire (神火),42.72.92.143,https://www.ptt.cc/bbs/Gossiping/M.1561976011.A.023.html,129,5,48
42,1T6T-GeY,[問卦] 農地蓋工廠、實價登錄0.5是不是很讚？,Mon Jul  1 18:25:18 2019,shutout5566 (5566給我閉嘴!!打個電話 ),39.13.64.204,https://www.ptt.cc/bbs/Gossiping/M.1561976720.A.A22.html,331,31,150
43,1T6U4KtB,[新聞] 影后葉德嫻穿黑衣上街反送中,Mon Jul  1 18:31:46 2019,rook18ies (天天一天),1.160.192.202,https://www.ptt.cc/bbs/Gossiping/M.1561977108.A.DCB.html,453,5,95
44,1T6UvOhJ,[新聞] 驚呆！郭董說「國家養」 朱立倫：我聽成,Mon Jul  1 19:28:21 2019,lovelypag (嗯.............),27.247.33.225,https://www.ptt.cc/bbs/Gossiping/M.1561980504.A.AD3.html,306,17,79
45,1T6VEWci,[問卦] 敢有台語台開播的八卦?,Mon Jul  1 19:50:54 2019,sheisonmybed (她在我床上有她),220.143.13.56,https://www.ptt.cc/bbs/Gossiping/M.1561981856.A.9AC.html,213,3,53
46,1T6Vcl-u,[問卦] 鄉民們當年考大學有什麼故事呢？,Mon Jul  1 20:16:42 2019,ddd1264 (豆花伯),27.247.32.32,https://www.ptt.cc/bbs/Gossiping/M.1561983407.A.FB8.html,140,4,82
47,1T6VzxrP,[新聞] 父驟逝 遺囑大三子「照顧病母及憨弟」,Mon Jul  1 20:41:27 2019,iXXXXGAY5566 (我非四叉貓 有恩怨請找牠),123.194.139.202,https://www.ptt.cc/bbs/Gossiping/M.1561984891.A.D59.html,423,2,43
48,1T6W7FWB,[新聞] 柯嗆「假道學、麥卡錫主義」黃國昌：關說,Mon Jul  1 20:51:23 2019,gasara (賭盤開了 收錢 ^O^/),114.44.175.184,https://www.ptt.cc/bbs/Gossiping/M.1561985487.A.80B.html,144,13,55
49,1T6WGdKJ,[爆卦] 香港人衝進立法會了！！！,Mon Jul  1 21:01:17 2019,brian900530 (LmWAng9),220.141.120.204,https://www.ptt.cc/bbs/Gossiping/M.1561986087.A.513.html,721,23,327
50,1T6WvWbb,[爆卦] 香港人塗黑特區標誌了,Mon Jul  1 21:45:01 2019,sven1130 (綠色貍貓),140.112.235.63,https://www.ptt.cc/bbs/Gossiping/M.1561988704.A.965.html,215,5,164
51,1T6Wyto4,[爆卦] 正式佔領立法會,Mon Jul  1 21:48:34 2019,f12345678900 (旅行的意義),59.115.50.144,https://www.ptt.cc/bbs/Gossiping/M.1561988919.A.C84.html,507,12,186
52,1T6XHiBg,Re: [爆卦] 正式佔領立法會,Mon Jul  1 22:10:49 2019,Yolosnow (生活很無聊),42.77.122.130,https://www.ptt.cc/bbs/Gossiping/M.1561990252.A.2EA.html,165,9,72
53,1T6XdFCP,[爆卦] 香港警方即將清場立法會,Mon Jul  1 22:33:49 2019,lgng66133 (Mad Fer It！),203.163.205.230,https://www.ptt.cc/bbs/Gossiping/M.1561991631.A.319.html,365,13,143
54,1T6Xj313,[問卦] 能幫小魏加油嗎？（發錢）,Mon Jul  1 22:40:01 2019,rex8886 (re叉),140.112.253.250,https://www.ptt.cc/bbs/Gossiping/M.1561992003.A.043.html,318,19,58
55,1T6XxEUA,[爆卦] 香港警方宣布短時間內清場,Mon Jul  1 22:55:06 2019,aotfs2013 (小隻釋迦),1.163.61.85,https://www.ptt.cc/bbs/Gossiping/M.1561992910.A.78A.html,226,18,130
56,1T6YQup3,[爆卦] 香港立院最新情況 只有4名死士留守,Mon Jul  1 23:28:54 2019,lgng66133 (Mad Fer It！),203.163.205.230,https://www.ptt.cc/bbs/Gossiping/M.1561994936.A.CC3.html,285,12,190
57,1T6YcBcb,[新聞] 美眾議員提案：情治機構阻止中國干預台,Mon Jul  1 23:40:57 2019,ruby00514 (黑夜的星空),101.15.224.217,https://www.ptt.cc/bbs/Gossiping/M.1561995659.A.9A5.html,185,10,76
58,1T6Z2XKU,[爆卦] 發錢！最新蘋果民調 韓國瑜大勝郭台銘,Tue Jul  2 00:11:11 2019,lol54321 (保鑣),114.136.253.214,https://www.ptt.cc/bbs/Gossiping/M.1561997473.A.51E.html,207,26,62
59,1T6cM9Th,[爆卦] 凌晨四點 林鄭見記者,Tue Jul  2 03:56:55 2019,MacWeaDon (邁衛燈),64.1.31.9,https://www.ptt.cc/bbs/Gossiping/M.1562011017.A.76B.html,133,2,139
60,1T6dFKcm,[問卦] 香港人看不懂台灣的9.2在想甚麼,Tue Jul  2 04:57:54 2019,bfbf510a (超世紀智將),14.199.203.75,https://www.ptt.cc/bbs/Gossiping/M.1562014676.A.9B0.html,541,80,980
61,1T6ddaLJ,[新聞] 援交初體驗 老司機拍肩譏：白癡喔！,Tue Jul  2 05:23:45 2019,Workforme (′‧ω‧‵),36.226.152.224,https://www.ptt.cc/bbs/Gossiping/M.1562016228.A.553.html,435,17,82
62,1T6e_MYx,[問卦] 登錄1000天是不是學長了啊,Tue Jul  2 06:57:24 2019,qq5771313 (L'尒ranger),59.127.7.181,https://www.ptt.cc/bbs/Gossiping/M.1562021846.A.8BB.html,258,98,41
63,1T6f5OZp,Re: [新聞] 實價登錄2.0變0.5？ 黃國昌轟民進黨：,Tue Jul  2 07:03:50 2019,blue155305 (勇者胖虎),180.177.114.177,https://www.ptt.cc/bbs/Gossiping/M.1562022232.A.8F3.html,378,39,202
64,1T6g4Iwk,[新聞] 忘愛人已逝 失智九旬翁尋妻,Tue Jul  2 08:10:56 2019,abramtw (世界原來是如此耀眼啊),220.129.30.132,https://www.ptt.cc/bbs/Gossiping/M.1562026258.A.EAE.html,200,1,53
65,1T6h04ed,[新聞] 捷克法院裁決 8名台籍詐欺嫌犯「送中」,Tue Jul  2 09:14:39 2019,becool996 (冷月紫米是過前高，但是1),39.8.126.168,https://www.ptt.cc/bbs/Gossiping/M.1562030084.A.A27.html,303,102,284
66,1T6hwoBS,[新聞] 公然罵三字經無罪　《博恩秀》為言論自,Tue Jul  2 10:17:20 2019,andy0219 (OuO),27.247.164.212,https://www.ptt.cc/bbs/Gossiping/M.1562033842.A.2DC.html,248,52,170
67,1T6iKBC2,[爆卦] 昨晚香港攻進立法會的一個掛,Tue Jul  2 10:44:25 2019,Yuki2316 (午夜狂歡),42.73.255.92,https://www.ptt.cc/bbs/Gossiping/M.1562035467.A.302.html,157,13,68
68,1T6iPrk9,Re: [問卦] 農地蓋工廠、實價登錄0.5是不是很讚？,Tue Jul  2 10:50:23 2019,bulden (要死的生魚片),104.32.187.152,https://www.ptt.cc/bbs/Gossiping/M.1562035829.A.B89.html,234,25,166
69,1T6iVDr2,[新聞] 替考上哈佛的林晉毅保留醫學系學籍 陽明,Tue Jul  2 10:56:11 2019,Aqqqa (Aqqqa),163.25.94.210,https://www.ptt.cc/bbs/Gossiping/M.1562036173.A.D42.html,186,16,142
70,1T6j0VnL,[新聞] 罷工空服員取回三寶服勤 工會：將由會員,Tue Jul  2 11:31:41 2019,paericsson (pa),61.216.26.1,https://www.ptt.cc/bbs/Gossiping/M.1562038303.A.C55.html,244,37,363
71,1T6j6T4v,[問卦] 慟！Vast&Hazy沒得獎我很難過(發錢),Tue Jul  2 11:38:03 2019,FlyinwindX (Flyinwind),1.160.4.17,https://www.ptt.cc/bbs/Gossiping/M.1562038685.A.139.html,139,4,29
72,1T6jQVAK,[新聞] 高雄KTV槍擊 10多名黑道持AR15突擊步槍,Tue Jul  2 11:59:25 2019,rick102233 (),123.0.231.84,https://www.ptt.cc/bbs/Gossiping/M.1562039967.A.294.html,171,21,79
73,1T6jYNrr,[爆卦] 香港佔領立法會 鏡頭看不見的事,Tue Jul  2 12:07:48 2019,fivz (Cass),223.19.184.161,https://www.ptt.cc/bbs/Gossiping/M.1562040471.A.D75.html,183,12,65
74,1T6jdLfX,[新聞] 傳民進黨曾徵詢林飛帆接副秘書長,Tue Jul  2 12:13:07 2019,qaz8031 (小良HRU),111.71.11.19,https://www.ptt.cc/bbs/Gossiping/M.1562040789.A.A61.html,251,81,216
75,1T6kBkNv,[爆卦] 市長換人 柳川美景回不去,Tue Jul  2 12:51:56 2019,mement788 (黃大頭111),180.204.136.32,https://www.ptt.cc/bbs/Gossiping/M.1562043118.A.5F9.html,155,27,103
76,1T6kHPTR,[爆卦] 舔共！郭台銘拿中共的錢超過中時  (發錢),Tue Jul  2 12:57:59 2019,pinkycandy (pinkycandy),223.137.116.65,https://www.ptt.cc/bbs/Gossiping/M.1562043481.A.75B.html,531,292,178
77,1T6lU1OE,[新聞] 退將赴中參與政治活動民進黨提案終身禁,Tue Jul  2 14:19:42 2019,Anddyliu (安滴滴),42.72.6.16,https://www.ptt.cc/bbs/Gossiping/M.1562048385.A.60E.html,203,13,104
78,1T6mTOE2,[新聞] 慘！黑人病患帶點滴散步 被指控偷竊醫療器材遭逮捕,Tue Jul  2 15:27:15 2019,rickey1270 (我大奈亞子毫無死角！！),180.204.141.36,https://www.ptt.cc/bbs/Gossiping/M.1562052440.A.382.html,417,36,165
79,1T6mTltI,[新聞] 美眾院情報委員會通過法案 防中國干預台,Tue Jul  2 15:27:39 2019,relax911 (Lmerro),123.194.189.94,https://www.ptt.cc/bbs/Gossiping/M.1562052463.A.DD2.html,193,16,197
80,1T6mhGDy,[爆卦] 最新民調2 韓國瑜35% 柯文哲26% 蔡英文22%,Tue Jul  2 15:42:03 2019,shared (shared),163.26.71.6,https://www.ptt.cc/bbs/Gossiping/M.1562053328.A.37C.html,231,32,138
81,1T6np5DA,Re: [新聞] 【獨家有照】抓包大巨蛋違法復工　柯市呸,Tue Jul  2 16:58:43 2019,Tsucomi69 (N9SU3XL3AJ4),101.11.33.219,https://www.ptt.cc/bbs/Gossiping/M.1562057925.A.34A.html,173,14,57
82,1T6o54K4,[新聞] 高雄大八飯店宣布停業 150多名員工訝異,Tue Jul  2 17:17:53 2019,kinple (( ￣ c￣),111.243.47.117,https://www.ptt.cc/bbs/Gossiping/M.1562059076.A.504.html,236,19,108
83,1T6oAMNp,Re: [問卦] 家裡陽臺聚集一團蜜蜂,Tue Jul  2 17:23:32 2019,pigcory (堯仔),101.9.204.122,https://www.ptt.cc/bbs/Gossiping/M.1562059414.A.5F3.html,144,4,14
84,1T6oceNL,Re: [新聞] 批行政院給錢態度差！韓國瑜：我像服務員,Tue Jul  2 17:53:42 2019,RandyXiao (RandyXiao),101.13.212.111,https://www.ptt.cc/bbs/Gossiping/M.1562061224.A.5D5.html,681,59,216
85,1T6p36-g,[新聞] 2020參戰 時代力量:不排除自提總統候選人,Tue Jul  2 18:24:03 2019,manpc (manpc),163.26.71.6,https://www.ptt.cc/bbs/Gossiping/M.1562063046.A.FAA.html,321,75,236
86,1T6p_nYh,[爆卦] 戴資穎/ Tai Tzu Ying FB,Tue Jul  2 19:28:46 2019,yesgogo (馬桶上的沉思者),114.40.65.80,https://www.ptt.cc/bbs/Gossiping/M.1562066929.A.8AB.html,245,11,42
87,1T6qP4ke,[新聞] 慘！台籍詐欺犯求別送中 「將與爸媽天人,Tue Jul  2 19:55:41 2019,go190214 (天空之島拉普達),123.192.154.107,https://www.ptt.cc/bbs/Gossiping/M.1562068548.A.BA8.html,215,37,123
88,1T6qPaPJ,[爆卦] 國民黨廣告無下限 抹黑造假文宣又來啦,Tue Jul  2 19:56:18 2019,nkit612004 (金山周杰倫),49.216.231.107,https://www.ptt.cc/bbs/Gossiping/M.1562068580.A.653.html,234,22,95
89,1T6qY1hX,Re: [新聞] 慘！台籍詐欺犯求別送中 「將與爸媽天人,Tue Jul  2 20:05:19 2019,"CREA (自由  滞
在　  断不柔優)",1.175.77.128,https://www.ptt.cc/bbs/Gossiping/M.1562069121.A.AE1.html,248,24,118
90,1T6qw-aS,Re: [爆卦] 祖墳被不明人士整座挖開,Tue Jul  2 20:31:55 2019,gmoz (  This can't do that. ),61.65.118.176,https://www.ptt.cc/bbs/Gossiping/M.1562070718.A.91C.html,177,4,54
91,1T6qzRdc,[新聞] 陸拳王下戰書 嗆館長：一回合還站著就算,Tue Jul  2 20:34:32 2019,linwahaha (),122.118.91.96,https://www.ptt.cc/bbs/Gossiping/M.1562070875.A.9E6.html,763,234,492
92,1T6r6fn8,[新聞] 快訊／長榮二次協商宣布破局！　工會罷,Tue Jul  2 20:44:23 2019,a90575 (CY),27.52.190.180,https://www.ptt.cc/bbs/Gossiping/M.1562071465.A.C48.html,405,41,375
93,1T6rrKIj,[問卦] 姓「樓」的朋友要生了,Tue Jul  2 21:34:10 2019,inmee (J),49.218.76.173,https://www.ptt.cc/bbs/Gossiping/M.1562074452.A.4AD.html,260,16,74
94,1T6sIeke,[爆卦] 民進黨團投票表明本屆不會過實價登錄2.0,Tue Jul  2 22:05:24 2019,ueewen (ueewen),49.216.0.215,https://www.ptt.cc/bbs/Gossiping/M.1562076328.A.BA8.html,301,39,121
95,1T6v0uYO,[問卦] 有沒有老天鵝政客激戰的八卦阿,Wed Jul  3 01:11:17 2019,justin531xx (吉他手 喵喵),36.234.135.66,https://www.ptt.cc/bbs/Gossiping/M.1562087480.A.898.html,220,9,80
96,1T6vqb6M,[問卦] 大學讀私立還能翻身嗎？,Wed Jul  3 02:06:27 2019,iocal (哎額吸欸唷),42.76.109.41,https://www.ptt.cc/bbs/Gossiping/M.1562090789.A.196.html,221,29,277
97,1T6vv5xm,[新聞] 日本「9屍凶宅」租出去了！ 新房客超滿意,Wed Jul  3 02:11:15 2019,TZUYIC (Celine-Flying On My Own),42.77.38.78,https://www.ptt.cc/bbs/Gossiping/M.1562091077.A.EF0.html,283,17,160
98,1T6wPlxZ,Re: [問卦] 香港人為什麼過了22年才反？,Wed Jul  3 02:46:05 2019,chenglap (無想流流星拳),168.70.61.74,https://www.ptt.cc/bbs/Gossiping/M.1562093167.A.EE3.html,447,11,127
99,1T6wbFY-,[爆卦] 衝撞立法會真相,Wed Jul  3 02:58:21 2019,MacWeaDon (邁衛燈),64.1.31.9,https://www.ptt.cc/bbs/Gossiping/M.1562093903.A.8BE.html,303,12,78
100,1T6yRbp5,[爆卦] 魔貫光殺炮是真的!螺旋狀前進的光,Wed Jul  3 05:04:34 2019,Scape (缺鈣缺很大),1.34.252.81,https://www.ptt.cc/bbs/Gossiping/M.1562101477.A.CC5.html,154,2,18
101,1T6-JvHH,[新聞] 公民假日草市被高市府駁回 綠議員批韓國,Wed Jul  3 07:12:54 2019,ivorysoap (ivorysoap),123.204.170.140,https://www.ptt.cc/bbs/Gossiping/M.1562109177.A.451.html,308,58,139
102,1T6-b6hy,[新聞] 台積電工程師人妻租屋偷吃新婚同事 小王,Wed Jul  3 07:29:15 2019,fundilian (玲玲),111.248.243.113,https://www.ptt.cc/bbs/Gossiping/M.1562110278.A.AFC.html,170,31,77
103,1T6_PAgA,Re: [新聞] 《工輔法》讓違章工廠就地合法 環團：守,Wed Jul  3 08:26:48 2019,deann (古美門上身),61.220.51.98,https://www.ptt.cc/bbs/Gossiping/M.1562113610.A.A8A.html,158,28,108
104,1T70bNwn,[新聞] 不加分被寫成不扣分 柯文哲再槓《自由》,Wed Jul  3 09:48:05 2019,jk182325 (萬里花我老婆),114.26.132.167,https://www.ptt.cc/bbs/Gossiping/M.1562118487.A.EB1.html,925,196,674
105,1T71N5M_,[爆卦] 自由 蔡英文的假新聞,Wed Jul  3 10:41:07 2019,ToyotaPrius (頭又大批4),27.246.43.219,https://www.ptt.cc/bbs/Gossiping/M.1562121669.A.5BF.html,247,36,89
106,1T71U1P0,Re: [新聞] 柯文哲啟程雙城論壇照稿念　「五個互相」,Wed Jul  3 10:48:31 2019,takase (............),223.141.94.201,https://www.ptt.cc/bbs/Gossiping/M.1562122113.A.640.html,261,130,219
107,1T71fzNO,[新聞] 不是駭客!我情治人員名單曝光 是內鬼幹,Wed Jul  3 11:01:10 2019,Anddyliu (安滴滴),118.163.37.91,https://www.ptt.cc/bbs/Gossiping/M.1562122877.A.5D8.html,321,75,185
108,1T71thXg,[新聞] 大陸拳王練喻軒「約戰館長」3分鐘沒倒就,Wed Jul  3 11:15:52 2019,CTC0115 (Blank space~),203.69.37.7,https://www.ptt.cc/bbs/Gossiping/M.1562123755.A.86A.html,197,25,147
109,1T71ydxB,[新聞] 國台辦最近派員赴美稱「蔡英文十分危險」,Wed Jul  3 11:21:06 2019,BrownNoser (BrownNoser),1.34.1.60,https://www.ptt.cc/bbs/Gossiping/M.1562124071.A.ECB.html,255,24,150
110,1T735lVU,[新聞]立院三讀》別想對習近平拍手了!退將赴中,Wed Jul  3 12:39:09 2019,nerudaliu (Chairborne Ranger),42.72.112.237,https://www.ptt.cc/bbs/Gossiping/M.1562128751.A.7DE.html,603,44,249
111,1T739jpg,[新聞] 三讀！退將遭終身管制　違法者砍退俸,Wed Jul  3 12:43:19 2019,simonle (.0.),42.77.11.217,https://www.ptt.cc/bbs/Gossiping/M.1562129005.A.CEA.html,421,17,110
112,1T73MyOa,[新聞] 加被寫成「扣」柯文哲機場暴怒再轟假,Wed Jul  3 12:57:29 2019,Luckmeow (meow),111.243.2.167,https://www.ptt.cc/bbs/Gossiping/M.1562129852.A.624.html,220,70,226
113,1T73igmB,[問卦] 有沒有緊握鐵桿短褲妹的卦？,Wed Jul  3 13:20:40 2019,Forthelife (我認為暱稱一定要全填滿),49.218.19.231,https://www.ptt.cc/bbs/Gossiping/M.1562131242.A.C0B.html,183,22,32
114,1T73uNsb,Fw: [申請] 多重帳號查詢 (Gossiping 2019/06/30) #2,Wed Jul  3 13:33:10 2019,cycling (來咬我啊笨蛋),125.99.241.221,https://www.ptt.cc/bbs/Gossiping/M.1562131991.A.DA5.html,130,8,105
115,1T73_T-o,Re: [爆卦] 民進黨團投票表明本屆不會過實價登錄2.0,Wed Jul  3 13:40:43 2019,askaleroux (Falcon),60.250.32.97,https://www.ptt.cc/bbs/Gossiping/M.1562132445.A.FB2.html,186,24,113
116,1T74R6MP,[新聞] 快訊／再+1！打臉韓「效果已現」本土登,Wed Jul  3 14:10:12 2019,terrymoon (說好的幸福呢),59.124.115.133,https://www.ptt.cc/bbs/Gossiping/M.1562134214.A.599.html,156,43,86
117,1T74alUR,[爆卦] 館長決定免費跟中國五毛拳王開戰！,Wed Jul  3 14:20:29 2019,jack8587 (james),42.75.191.90,https://www.ptt.cc/bbs/Gossiping/M.1562134831.A.79B.html,521,27,291
118,1T74yMCD,[新聞] 中國「伸鹹豬手」 國際場合硬翻台灣代表,Wed Jul  3 14:45:39 2019,befly10015 (befly),118.171.72.5,https://www.ptt.cc/bbs/Gossiping/M.1562136342.A.30D.html,331,42,108
119,1T75MXU9,Re: [問卦] 有沒有宛平哭著求原諒的八卦？,Wed Jul  3 15:13:36 2019,hyuchi0202 (被刺激到了),114.36.171.216,https://www.ptt.cc/bbs/Gossiping/M.1562138017.A.789.html,161,10,71
120,1T75msmR,[爆卦] 習近平下令：香港抗爭不許流血,Wed Jul  3 15:41:39 2019,ccps970915 (冠),39.8.194.12,https://www.ptt.cc/bbs/Gossiping/M.1562139702.A.C1B.html,598,84,270
121,1T76E2O5,[新聞] 「辣台派」為何灌票挺韓國瑜?謝龍介爆,Wed Jul  3 16:12:47 2019,Goo4u (Goo4u),51.15.137.146,https://www.ptt.cc/bbs/Gossiping/M.1562141570.A.605.html,339,45,114
122,1T77NKg-,[新聞] 參加香港反送中遊行 葉德嫻歌曲被中國下,Wed Jul  3 17:30:58 2019,huice (好有意思兒),39.8.62.139,https://www.ptt.cc/bbs/Gossiping/M.1562146260.A.ABE.html,160,5,42
123,1T77gio5,[問卦] 哪一種運動選手的身材最好看?,Wed Jul  3 17:51:38 2019,bornwinner (tripleandyliu),218.173.140.67,https://www.ptt.cc/bbs/Gossiping/M.1562147500.A.C85.html,218,13,101
124,1T77uHT8,[新聞] 大陸發明「步態識別系統」 遮臉也能認出,Wed Jul  3 18:06:06 2019,Operon (歐普龍),114.137.27.167,https://www.ptt.cc/bbs/Gossiping/M.1562148369.A.748.html,185,18,114
125,1T78P9mU,[新聞] 韓國瑜「不用在那委屈什麼」 這人爆中央,Wed Jul  3 18:41:08 2019,amurorei (大律師是甚麼，好吃嗎？),118.170.37.30,https://www.ptt.cc/bbs/Gossiping/M.1562150473.A.C1E.html,228,15,65
126,1T78theT,[新聞] 撿到槍！辣台妹：中國軍機飛越台海中線,Wed Jul  3 19:13:45 2019,julia8913 (JU),61.216.164.8,https://www.ptt.cc/bbs/Gossiping/M.1562152427.A.A1D.html,230,92,97
127,1T79L0Gt,[新聞] 王雪紅夫婦 全面接手TVBS,Wed Jul  3 19:44:59 2019,science9686 (科學 = 真理),220.134.68.8,https://www.ptt.cc/bbs/Gossiping/M.1562154304.A.437.html,178,24,73
128,1T79yS7B,[新聞] 膝下無子 病夫顧癱妻「再苦都會撐」,Wed Jul  3 20:27:04 2019,iXXXXGAY5566 (我非四叉貓 有恩怨請找牠),123.194.139.202,https://www.ptt.cc/bbs/Gossiping/M.1562156828.A.1CB.html,155,1,11
129,1T7AZeWi,[新聞]有骨氣！國旗入鏡遭中國廠商要求下架 霸氣,Wed Jul  3 21:08:52 2019,ckbdfrst (ckbdfrst),61.224.177.183,https://www.ptt.cc/bbs/Gossiping/M.1562159336.A.82C.html,489,62,233
130,1T7Ak-OD,[爆卦] 台鐵嘉義站傷警 (原標題寫隨機傷人是錯的),Wed Jul  3 21:21:00 2019,YamCha (飲茶),125.231.39.170,https://www.ptt.cc/bbs/Gossiping/M.1562160062.A.60D.html,386,45,148
131,1T7BRFIZ,[爆卦] 國際造型氣球大賽臺灣人拿冠軍啦!,Wed Jul  3 22:08:09 2019,mark8824331 (FayWen Wang),223.136.193.27,https://www.ptt.cc/bbs/Gossiping/M.1562162895.A.4A3.html,845,2,92
132,1T7C6Lue,Re: [爆卦] 館長開戰的對手練喻軒影片,Wed Jul  3 22:54:11 2019,abc5588646 (sa),101.10.52.114,https://www.ptt.cc/bbs/Gossiping/M.1562165653.A.E28.html,170,21,102
133,1T7CEb8W,[爆卦] 623凱道活動結餘，已捐予家扶基金會,Wed Jul  3 23:02:59 2019,hiokchi (連筱葳),101.13.151.157,https://www.ptt.cc/bbs/Gossiping/M.1562166181.A.220.html,136,1,21
134,1T7CKFVg,[新聞] 台鐵爆砍人地上全血 逃票男怒砍警,Wed Jul  3 23:09:00 2019,ymuit (眼眸之珠),1.173.176.3,https://www.ptt.cc/bbs/Gossiping/M.1562166543.A.7EA.html,205,56,129
135,1T7CoPGC,[問卦] 哪部動漫最有資格放到國小課本當教材,Wed Jul  3 23:41:11 2019,missingkid (),118.171.187.69,https://www.ptt.cc/bbs/Gossiping/M.1562168473.A.40C.html,222,0,51
136,1T7DDe0P,[問卦] 祝我生日快樂,Thu Jul  4 00:10:14 2019,HanJie (tobest),36.227.31.126,https://www.ptt.cc/bbs/Gossiping/M.1562170216.A.019.html,259,3,21
137,1T7DLDzy,[問卦] 如果你在砍人現場，你會幹嘛?,Thu Jul  4 00:18:18 2019,qize1428 (倫),36.236.89.239,https://www.ptt.cc/bbs/Gossiping/M.1562170701.A.F7C.html,282,22,237
138,1T7DbqSa,[新聞] 妙齡女上山驚見「人參狀」植物 補一下卻,Thu Jul  4 00:35:55 2019,fenrir (司馬傑奇),36.224.194.17,https://www.ptt.cc/bbs/Gossiping/M.1562171764.A.724.html,133,15,50
139,1T7Edbve,Re: [新聞] 妙齡女上山驚見「人參狀」植物 補一下卻,Thu Jul  4 01:46:11 2019,skyprayer (SkyBotany),118.169.81.172,https://www.ptt.cc/bbs/Gossiping/M.1562175973.A.E68.html,160,7,56
140,1T7H-v1W,[新聞] 影／火車上警被刺畫面曝光 警員奮力壓制,Thu Jul  4 05:35:50 2019,seedhyper (下雨),42.77.75.38,https://www.ptt.cc/bbs/Gossiping/M.1562189753.A.060.html,155,18,71
141,1T7KU_f9,[爆卦] 文燦哥開示啦,Thu Jul  4 08:26:29 2019,IronCube (吃飽就要大便),223.137.34.115,https://www.ptt.cc/bbs/Gossiping/M.1562199999.A.A49.html,244,65,450
142,1T7KgWz1,[新聞] 快訊／鐵路警遭刺肚「臟器外露」　送醫,Thu Jul  4 08:38:53 2019,DDDDRR (QQ),223.137.33.116,https://www.ptt.cc/bbs/Gossiping/M.1562200736.A.F41.html,1577,151,478
143,1T7Ktv-d,[新聞] 台鐵列車遭刺傷　8時27分急救無效警殉職,Thu Jul  4 08:53:09 2019,Ho1liday (江湖唯有英雄志),36.239.229.106,https://www.ptt.cc/bbs/Gossiping/M.1562201593.A.FA7.html,658,64,274
144,1T7L3EiV,Re: [新聞]美國商務部宣佈 對台、韓部分鋼材祭456％,Thu Jul  4 09:05:10 2019,cruise (),50.46.118.205,https://www.ptt.cc/bbs/Gossiping/M.1562202318.A.B1F.html,142,4,24
145,1T7LAEc0,[新聞] 自強號勇警被刺 08:27宣告不治身亡,Thu Jul  4 09:12:26 2019,lats (累死),36.225.184.15,https://www.ptt.cc/bbs/Gossiping/M.1562202766.A.980.html,228,40,104
146,1T7LbUoP,[新聞] 鐵路勇警失血殉職！自強號揮刀男「背景曝,Thu Jul  4 09:41:48 2019,hsnugear (無言......),220.132.62.62,https://www.ptt.cc/bbs/Gossiping/M.1562204510.A.C99.html,251,92,185
147,1T7M3g1T,[新聞] 【鐵路警殉職2】獨子第一志願返鄉服務,Thu Jul  4 10:14:00 2019,vic2211 (我是vic),210.69.138.118,https://www.ptt.cc/bbs/Gossiping/M.1562206442.A.05D.html,474,51,277
148,1T7MRKxh,[新聞] 航空總工會：長榮寧願燒錢不願解決罷工,Thu Jul  4 10:39:14 2019,tiger911 (胖虎),175.180.127.202,https://www.ptt.cc/bbs/Gossiping/M.1562207956.A.EEB.html,228,69,308
149,1T7N1Yvb,[新聞] 「承翰，你的任務結束了」 殉職警移殯儀,Thu Jul  4 11:20:00 2019,LDMisshit (LDMisshit),125.224.72.23,https://www.ptt.cc/bbs/Gossiping/M.1562210402.A.E65.html,746,37,212
150,1T7NHFQ1,Re: [新聞] 何謂兩岸一家親？柯：我善待中國人民、,Thu Jul  4 11:36:45 2019,VVizZ (我很窮),211.21.120.163,https://www.ptt.cc/bbs/Gossiping/M.1562211407.A.681.html,524,117,203
151,1T7Nnusl,Re: [問卦] 要是今天死的不是警察...,Thu Jul  4 12:11:34 2019,k1400 (德州家康),114.43.162.86,https://www.ptt.cc/bbs/Gossiping/M.1562213496.A.DAF.html,439,92,203
152,1T7O2h1Z,[新聞] 鐵路警遭刺身亡 郭台銘：若當總統為員警配電擊槍,Thu Jul  4 12:29:29 2019,shokotan (しょこたん),114.43.154.17,https://www.ptt.cc/bbs/Gossiping/M.1562214571.A.063.html,387,142,419
153,1T7OV3Kp,[問卦] 中午便當估價,Thu Jul  4 12:59:45 2019,mingyu608 (mingyu),110.28.140.171,https://www.ptt.cc/bbs/Gossiping/M.1562216387.A.533.html,190,37,87
154,1T7PGkaA,Re: [新聞] 評估2020柯文哲「選定了」蔡陣營：,Thu Jul  4 13:52:42 2019,louis0210 (嘿 等我一下),223.140.61.99,https://www.ptt.cc/bbs/Gossiping/M.1562219566.A.90A.html,1148,83,112
155,1T7PdZBb,[新聞] 北市宣布降房屋稅！2020年上路　柯文哲：,Thu Jul  4 14:17:05 2019,Damp (丹恩),36.224.251.131,https://www.ptt.cc/bbs/Gossiping/M.1562221027.A.2E5.html,342,77,269
156,1T7QDQRO,[新聞] 《象樂園》諷韓國瑜 高中生詩．文展創意,Thu Jul  4 14:57:27 2019,huice (好有意思兒),39.8.62.139,https://www.ptt.cc/bbs/Gossiping/M.1562223450.A.6D8.html,243,13,28
157,1T7QdolZ,[新聞] 中共控制民眾出境 強制集中管理私人護照,Thu Jul  4 15:25:34 2019,fath2833 (大安),114.44.216.96,https://www.ptt.cc/bbs/Gossiping/M.1562225138.A.BE3.html,165,14,69
158,1T7Qimqv,Re: [新聞] 鐵路勇警失血殉職！自強號揮刀男「背景曝,Thu Jul  4 15:30:54 2019,todao (心裡有數),180.217.182.42,https://www.ptt.cc/bbs/Gossiping/M.1562225456.A.D39.html,242,30,356
159,1T7R3c80,[新聞] 埼玉縣兩名少年開父親的86飆車被逮捕,Thu Jul  4 15:55:14 2019,netwatching (netwatching),119.14.134.50,https://www.ptt.cc/bbs/Gossiping/M.1562226918.A.200.html,182,3,40
160,1T7RZpCT,Re: [新聞] 蕭景田被翻出「殺警」往事反酸「不見是非,Thu Jul  4 16:29:37 2019,helikon (赫利羹),42.73.136.43,https://www.ptt.cc/bbs/Gossiping/M.1562228979.A.31D.html,169,14,72
161,1T7Rk-KX,[新聞] 慟！孩子的書屋創辦人「陳爸」 驚傳心肌,Thu Jul  4 16:41:32 2019,dswchen (Douglas),223.136.120.175,https://www.ptt.cc/bbs/Gossiping/M.1562229694.A.521.html,158,1,34
162,1T7RqtiC,Re: [爆卦] 國際造型氣球大賽臺灣人拿冠軍啦!,Thu Jul  4 16:47:44 2019,FuSen000 (ㄑㄑㄉㄖㄙㄐㄌ),123.110.41.29,https://www.ptt.cc/bbs/Gossiping/M.1562230071.A.B0C.html,201,3,26
163,1T7Rz8G5,[新聞] 吳斯懷控不信任國軍 蔡英文:講這話的人有,Thu Jul  4 16:56:38 2019,KouChouChing (20分鐘),111.255.138.165,https://www.ptt.cc/bbs/Gossiping/M.1562230600.A.405.html,564,33,149
164,1T7SOBeZ,[新聞] 殉職鐵路警察李承翰警專第1名畢業 12日過,Thu Jul  4 17:25:29 2019,relax911 (Lmerro),123.194.189.94,https://www.ptt.cc/bbs/Gossiping/M.1562232331.A.A23.html,298,17,117
165,1T7ScUHi,[問卦] 金髮巨乳修女遭綁縛吊掛天花板,Thu Jul  4 17:40:44 2019,tsukiyomi157 (草莓口味☆肥宅),42.76.162.61,https://www.ptt.cc/bbs/Gossiping/M.1562233246.A.46C.html,191,54,38
166,1T7SfT-d,[新聞] 勞動部出招！禁人力銀行幫長榮招空服員,Thu Jul  4 17:43:51 2019,beaqu (十字軍東征),36.231.28.120,https://www.ptt.cc/bbs/Gossiping/M.1562233437.A.FA7.html,513,127,365
167,1T7TYenh,Re: [新聞] 刁難中國官員來台？ 移民署數據打臉柯文,Thu Jul  4 18:44:54 2019,chirskey (十口月),101.13.160.114,https://www.ptt.cc/bbs/Gossiping/M.1562237096.A.C6B.html,164,45,55
168,1T7UN6qP,[新聞]CNN揭貿易戰4大贏家 台灣對美出口增23%,Thu Jul  4 19:40:51 2019,ckbdfrst (ckbdfrst),61.224.177.183,https://www.ptt.cc/bbs/Gossiping/M.1562240454.A.D19.html,180,7,71
169,1T7VPEnm,[新聞] 守護韓國瑜過初選 韓粉跑電信門市做這事,Thu Jul  4 20:51:23 2019,s110269 (),36.234.139.5,https://www.ptt.cc/bbs/Gossiping/M.1562244686.A.C70.html,174,28,65
170,1T7W7V4V,[新聞] 中美貿易戰》廠商出走中國誰獲利？CNN：,Thu Jul  4 21:40:45 2019,xingting (Rojita),42.77.145.16,https://www.ptt.cc/bbs/Gossiping/M.1562247647.A.11F.html,119,4,45
171,1T7WUlK3,[新聞] 撤離中國！ 惠普、戴爾3成筆電生產將轉,Thu Jul  4 22:05:32 2019,iasyt (iasyt),114.47.90.185,https://www.ptt.cc/bbs/Gossiping/M.1562249135.A.503.html,183,6,56
172,1T7W_Nd7,[公告] 板規修正草案：政治發錢文,Thu Jul  4 22:40:21 2019,ReDmango (10K高清天才小釣手),58.114.25.142,https://www.ptt.cc/bbs/Gossiping/M.1562251223.A.9C7.html,247,14,81
173,1T7Xkafv,Re: [新聞] 吳宗憲反擊了 火大拍桌嗆館長：921你捐多,Thu Jul  4 23:30:35 2019,darkcola (dc),101.8.172.69,https://www.ptt.cc/bbs/Gossiping/M.1562254244.A.A79.html,392,27,250
174,1T7XriUf,[新聞] 吳宗憲拍桌嗆921捐多少 館長:那天我在災,Thu Jul  4 23:38:17 2019,sgzt (sgzt),111.240.95.39,https://www.ptt.cc/bbs/Gossiping/M.1562254700.A.7A9.html,1332,78,453
175,1T7Y1FBt,[問卦] 能說出哪些事件才是真正的資深鄉民,Thu Jul  4 23:50:37 2019,missingkid (),118.171.187.69,https://www.ptt.cc/bbs/Gossiping/M.1562255439.A.2F7.html,153,4,83
176,1T7YA8zl,[新聞] 吳宗憲開砲嗆921捐多少！館長「挖出證據,Fri Jul  5 00:00:05 2019,ash9911911 (勇者ああああ),175.181.111.67,https://www.ptt.cc/bbs/Gossiping/M.1562256008.A.F6F.html,293,22,126
177,1T7YUad9,[問卦] 新聞禁政治人物名字真的是好事嗎？,Fri Jul  5 00:21:51 2019,ericisfish (台中李宗瑞),36.239.41.193,https://www.ptt.cc/bbs/Gossiping/M.1562257316.A.9C9.html,322,38,382
178,1T7ZVk1R,[問卦] 館長是不是台灣真正的王？,Fri Jul  5 01:31:24 2019,friedrich (friedrich),114.24.129.111,https://www.ptt.cc/bbs/Gossiping/M.1562261486.A.05B.html,320,28,72
179,1T7cOTMI,Re: [問卦] 新聞禁政治人物名字真的是好事嗎？,Fri Jul  5 04:48:25 2019,puppyvivi (打哈欠),61.61.78.72,https://www.ptt.cc/bbs/Gossiping/M.1562273309.A.592.html,469,61,422
180,1T7dUOkG,[新聞] 出訪過境美國　蔡英文：感受美方誠意相待,Fri Jul  5 06:03:02 2019,MoriiKaho (牡羊座女孩),114.24.98.24,https://www.ptt.cc/bbs/Gossiping/M.1562277784.A.B90.html,169,42,65
181,1T7eAVUn,"[問卦] 這個  ☁
怎麼這麼奇怪?",Fri Jul  5 06:50:05 2019,zxasqw0246 (oyoy),130.245.192.29,https://www.ptt.cc/bbs/Gossiping/M.1562280607.A.7B1.html,1004,22,551
182,1T7fR9sg,[問卦] 廠公蟑螂五毛是不是集體崩潰了,Fri Jul  5 08:16:05 2019,oz5566 (夏洛克。福爾摩斯),36.229.216.201,https://www.ptt.cc/bbs/Gossiping/M.1562285769.A.DAA.html,166,17,96
183,1T7g4nqr,Re: [新聞] 21歲甜美病嬌女刺殺愛男　「我太喜歡他，,Fri Jul  5 09:00:31 2019,uei1201 (新八),114.33.34.20,https://www.ptt.cc/bbs/Gossiping/M.1562288433.A.D35.html,283,26,105
184,1T7gYDGw,[問卦] 黨工是不是集體崩潰了？,Fri Jul  5 09:31:54 2019,w1230319 (龜山金城武),39.8.43.12,https://www.ptt.cc/bbs/Gossiping/M.1562290317.A.43A.html,170,14,90
185,1T7get0Q,Re: [問卦] 日本妹子這麼騷嗎？？,Fri Jul  5 09:39:00 2019,goodsmallman (@@),119.242.25.127,https://www.ptt.cc/bbs/Gossiping/M.1562290743.A.01A.html,326,14,59
186,1T7gt4ZJ,[新聞] 高雄地標85大樓「君鴻酒店」　驚傳最快,Fri Jul  5 09:54:08 2019,MatheFuck (媽英告),113.196.187.152,https://www.ptt.cc/bbs/Gossiping/M.1562291652.A.8D3.html,186,11,60
187,1T7hV6lL,Re: [問卦] 新聞禁政治人物名字真的是好事嗎？,Fri Jul  5 10:36:52 2019,senma (ライフ☆ライン),114.136.18.187,https://www.ptt.cc/bbs/Gossiping/M.1562294214.A.BD5.html,227,108,270
188,1T7hw9qX,[問卦] 吳宗憲憲哥 我可以問一個問題嗎？,Fri Jul  5 11:05:43 2019,gostjoke (鬼笑話),107.77.228.117,https://www.ptt.cc/bbs/Gossiping/M.1562295945.A.D21.html,192,32,111
189,1T7iD1ES,Re: [問卦] 新聞禁政治人物名字真的是好事嗎？,Fri Jul  5 11:25:51 2019,royroy666 (老鼠),118.170.190.153,https://www.ptt.cc/bbs/Gossiping/M.1562297153.A.39C.html,250,17,178
190,1T7iiye3,[問卦] 台灣有什麼是比日本進步的嗎？,Fri Jul  5 11:59:54 2019,dkl1027 (凱文),101.8.193.221,https://www.ptt.cc/bbs/Gossiping/M.1562299196.A.A03.html,291,13,131
191,1T7ikoDj,[問卦] 版主484擋到公關公司賺錢,Fri Jul  5 12:01:52 2019,smallminhaha (海Neptuneee王),223.137.244.168,https://www.ptt.cc/bbs/Gossiping/M.1562299314.A.36D.html,155,9,87
192,1T7jBgoV,[爆卦] 跳板幫已知及疑似剩餘ID投票分析,Fri Jul  5 12:32:39 2019,cycling (來咬我啊笨蛋),211.20.147.161,https://www.ptt.cc/bbs/Gossiping/M.1562301162.A.C9F.html,207,54,180
193,1T7jf2Mg,[問卦] 大谷今天生日 該怎麼慶祝？（發錢）,Fri Jul  5 13:03:58 2019,yuechen (千年萬年 我永遠在),59.115.209.205,https://www.ptt.cc/bbs/Gossiping/M.1562303042.A.5AA.html,144,2,14
194,1T7kJgcn,[爆卦] 高市議會是不是欠薪了？？,Fri Jul  5 13:49:26 2019,RecluseMF (火風),115.82.144.49,https://www.ptt.cc/bbs/Gossiping/M.1562305770.A.9B1.html,146,16,44
195,1T7kM2xz,[新聞] 路邊燒雞太美味爆紅 引警關切…老闆竟是,Fri Jul  5 13:51:59 2019,tooth9 (牙仙),118.167.172.32,https://www.ptt.cc/bbs/Gossiping/M.1562305922.A.EFD.html,152,5,46
196,1T7kV88R,Re: [問卦] 版主484擋到公關公司賺錢,Fri Jul  5 14:01:39 2019,OyAlbert (蛋黃溫),223.141.246.132,https://www.ptt.cc/bbs/Gossiping/M.1562306504.A.21B.html,225,38,136
197,1T7kwose,[爆卦] 版主擋蟑螂財路，我也來分享一下蟑螂路數,Fri Jul  5 14:31:12 2019,Paws (苔哥),111.241.58.189,https://www.ptt.cc/bbs/Gossiping/M.1562308274.A.DA8.html,369,17,256
198,1T7kyXcf,[新聞] 柯劉會壓軸登場！柯文哲5點西郊賓館會劉,Fri Jul  5 14:33:02 2019,rhino0314 (鬼島夢想家),220.136.68.217,https://www.ptt.cc/bbs/Gossiping/M.1562308385.A.9A9.html,165,43,79
199,1T7k_BGV,賀「鐵路警多1缺」！屁孩警要哭哭了下場出爐…,Fri Jul  5 14:35:53 2019,mattiswe098 (),118.163.247.142,https://www.ptt.cc/bbs/Gossiping/M.1562308555.A.41F.html,186,33,120
200,1T7lAmAP,[新聞] 重頭戲「柯劉會」下午5時登場 北市府火速,Fri Jul  5 14:48:13 2019,reason825 (reason),122.121.54.149,https://www.ptt.cc/bbs/Gossiping/M.1562309296.A.299.html,241,78,164
201,1T7lc7Ab,Re: [問卦] 版主484擋到公關公司賺錢,Fri Jul  5 15:17:25 2019,zalora (lara),42.75.90.130,https://www.ptt.cc/bbs/Gossiping/M.1562311047.A.2A5.html,201,73,161
202,1T7llZ-U,[新聞] 蔡總統臉書宣示 立院下會期完成「中共代,Fri Jul  5 15:27:27 2019,Damp (丹恩),36.224.249.19,https://www.ptt.cc/bbs/Gossiping/M.1562311651.A.F9E.html,175,29,62
203,1T7lv6Y1,Re: [問卦] 新聞禁政治人物名字真的是好事嗎？,Fri Jul  5 15:37:38 2019,jeans520 (偽鈞子),1.160.22.153,https://www.ptt.cc/bbs/Gossiping/M.1562312262.A.881.html,194,28,147
204,1T7mo9D7,Re: [問卦] 新聞禁政治人物名字真的是好事嗎？,Fri Jul  5 16:38:31 2019,RandyXiao (RandyXiao),36.227.20.17,https://www.ptt.cc/bbs/Gossiping/M.1562315913.A.347.html,406,238,397
205,1T7nZcUk,[新聞] 破天荒！柯文哲會劉結一臉書直播 市府：,Fri Jul  5 17:31:14 2019,"HTC92 (中  国
台  湾
人的驕傲-92共識)",114.44.170.111,https://www.ptt.cc/bbs/Gossiping/M.1562319078.A.7AE.html,487,215,508
206,1T7nfdGq,[爆卦] 中國拳王失聯兩天，館長：你現在就可以,Fri Jul  5 17:37:41 2019,jack8587 (james),42.77.13.25,https://www.ptt.cc/bbs/Gossiping/M.1562319463.A.434.html,550,28,282
207,1T7oJlj_,[新聞] 柯文哲上海會劉結一 幕僚開直播被制止並,Fri Jul  5 18:22:37 2019,WiNtErPoWeR (WiNtErPoWeR),163.1.230.4,https://www.ptt.cc/bbs/Gossiping/M.1562322159.A.B7F.html,514,93,408
208,1T7oNEor,[問卦] 看一堆公關公司ID崩潰484很爽,Fri Jul  5 18:26:18 2019,mirac1e (月下美人),211.20.1.53,https://www.ptt.cc/bbs/Gossiping/M.1562322382.A.CB5.html,466,49,193
209,1T7oNyph,[新聞]柯文哲會劉結一 創首例臉書直播10分後斷訊,Fri Jul  5 18:27:06 2019,fta168 (55),111.241.88.93,https://www.ptt.cc/bbs/Gossiping/M.1562322428.A.CEB.html,156,16,88
210,1T7oj_zb,Re: [新聞] 柯文哲上海會劉結一 幕僚開直播被制止並,Fri Jul  5 18:50:37 2019,miler22020 (orz),42.73.28.144,https://www.ptt.cc/bbs/Gossiping/M.1562323839.A.F65.html,222,27,124
211,1T7pD6uQ,[新聞] 柯文哲會劉結一直播遭陸方打斷 原來市府,Fri Jul  5 19:23:47 2019,omanorboyo (omanorboyo),220.129.120.5,https://www.ptt.cc/bbs/Gossiping/M.1562325830.A.E1A.html,303,50,262
212,1T7pZCaD,[新聞] 國台辦主任飛上海見柯文哲 重申：兩岸遵,Fri Jul  5 19:47:22 2019,bobmarly (看到毛了),118.169.10.43,https://www.ptt.cc/bbs/Gossiping/M.1562327244.A.90D.html,361,82,265
213,1T7pjyG1,[問卦] 有人注意到今晚的台北101嗎？,Fri Jul  5 19:58:49 2019,Anddyliu (安滴滴),42.73.88.54,https://www.ptt.cc/bbs/Gossiping/M.1562327932.A.401.html,1024,11,97
214,1T7q2P7g,[新聞] 武漢人抗議中共興建焚化爐　解放軍戰車進駐畫面曝光！,Fri Jul  5 20:20:38 2019,uret (優瑞),111.241.88.93,https://www.ptt.cc/bbs/Gossiping/M.1562329241.A.1EA.html,162,10,73
215,1T7qG_-d,[新聞] 男罹直腸癌末 允諾妻與4幼兒「一起奮鬥」,Fri Jul  5 20:36:11 2019,iXXXXGAY5566 (我非四叉貓 有恩怨請找牠),123.194.139.202,https://www.ptt.cc/bbs/Gossiping/M.1562330175.A.FA7.html,133,2,21
216,1T7qhp4n,Re: [新聞] 劉結一提「我們都是中國人」柯文哲說出,Fri Jul  5 21:04:48 2019,KGarnett05 (I Take Five),36.239.60.94,https://www.ptt.cc/bbs/Gossiping/M.1562331891.A.131.html,228,25,126
217,1T7rd-6q,[爆卦] 高雄觀光節 韓粉通關密語入住「更貴」,Fri Jul  5 22:09:00 2019,rick102233 (),39.8.62.242,https://www.ptt.cc/bbs/Gossiping/M.1562335742.A.1B4.html,192,10,71
218,1T7rhzVJ,[新聞] 最高敬意！ 101點燈感謝陳俊朗、李承翰,Fri Jul  5 22:13:15 2019,FourOneJ (41j),114.137.183.138,https://www.ptt.cc/bbs/Gossiping/M.1562335997.A.7D3.html,432,0,44
219,1T7rtpmj,Re: [新聞] 影／「柯劉會」直播像偷拍　中方：不要錄,Fri Jul  5 22:25:53 2019,windsine (未落柳絮),101.9.52.189,https://www.ptt.cc/bbs/Gossiping/M.1562336755.A.C2D.html,168,47,88
220,1T7rzqZQ,Re: [爆卦] 明翰3C開幕10週年 老人站出來!!,Fri Jul  5 22:32:18 2019,connyli (明翰3C),42.73.151.65,https://www.ptt.cc/bbs/Gossiping/M.1562337140.A.8DA.html,144,1,19
221,1T7r_brQ,Re: [新聞] 劉結一提「我們都是中國人」柯文哲說出,Fri Jul  5 22:34:09 2019,HYUNABLUE (),111.240.169.217,https://www.ptt.cc/bbs/Gossiping/M.1562337253.A.D5A.html,260,54,200
222,1T7sKrDS,Re: [新聞] 可錄影搞錯成直播 柯文哲:我們小朋友弄錯,Fri Jul  5 22:56:50 2019,TSMConduty (台積輪班星君 aka 柯學家),123.194.181.72,https://www.ptt.cc/bbs/Gossiping/M.1562338613.A.35C.html,193,24,101
223,1T7sX8am,[新聞] 接受林志成挑戰！館長：出張嘴想紅？ 我,Fri Jul  5 23:09:56 2019,DuDu (Doc),123.241.128.173,https://www.ptt.cc/bbs/Gossiping/M.1562339400.A.930.html,138,5,53
224,1T7t1CWM,[新聞] 總統：將完成「中共代理人」修法,Fri Jul  5 23:44:09 2019,DOOHDLIHC (董事長),1.165.177.20,https://www.ptt.cc/bbs/Gossiping/M.1562341452.A.816.html,528,59,182
225,1T7t1Xgf,[新聞] 要打去擂台打！林志成2點聲明嗆館長：這才是武者精神,Fri Jul  5 23:44:30 2019,kenny1300175 (蘇湖),118.167.67.223,https://www.ptt.cc/bbs/Gossiping/M.1562341473.A.AA9.html,320,80,211
226,1T7tH6LT,Re: [新聞] 影／與劉結一會面直播被阻止？　柯文哲：,Sat Jul  6 00:01:08 2019,sunyeah (   湯元嗎),36.225.163.70,https://www.ptt.cc/bbs/Gossiping/M.1562342470.A.55D.html,176,38,336
227,1T7vFW5A,Re: [新聞] 影／「柯劉會」直播像偷拍　中方：不要錄,Sat Jul  6 02:15:57 2019,senma (ライフ☆ライン),1.162.218.219,https://www.ptt.cc/bbs/Gossiping/M.1562350560.A.14A.html,147,19,124
228,1T7veUkV,[爆卦] 館長：再給你最後機會！今晚8點！戰！,Sat Jul  6 02:42:36 2019,godspeed933 (一路順風),180.217.73.252,https://www.ptt.cc/bbs/Gossiping/M.1562352158.A.B9F.html,204,14,183
229,1T7wf-0X,[公告] 水桶 分身帳號,Sat Jul  6 03:52:25 2019,ReDmango (10K高清天才小釣手),58.114.25.142,https://www.ptt.cc/bbs/Gossiping/M.1562356350.A.021.html,154,36,141
230,1T7zPEQe,[新聞] 澎湖行車糾紛 遊客糾眾尾隨民眾返家引爆,Sat Jul  6 06:59:24 2019,asseee (一一一),42.76.135.50,https://www.ptt.cc/bbs/Gossiping/M.1562367566.A.6A8.html,182,22,72
231,1T7_G8-9,[問卦] 這樣吧!林志成打贏館長我給50萬,Sat Jul  6 09:06:08 2019,gn01765288 (金庸),110.50.141.69,https://www.ptt.cc/bbs/Gossiping/M.1562375176.A.F89.html,614,27,202
232,1T80k-5j,[新聞] 柯文哲訪滬臉書直播受阻 「一家親」成笑話,Sat Jul  6 10:46:59 2019,Articuno (水噹噹),220.141.138.130,https://www.ptt.cc/bbs/Gossiping/M.1562381246.A.16D.html,222,43,155
233,1T81H8Px,[爆卦] 加州剛剛又大地震,Sat Jul  6 11:23:48 2019,gostjoke (鬼笑話),98.180.147.157,https://www.ptt.cc/bbs/Gossiping/M.1562383432.A.67B.html,166,7,76
234,1T81oxjQ,[新聞] 【直播？錄影？】柯文哲指「小朋友弄錯」,Sat Jul  6 11:59:53 2019,amurorei (大律師是甚麼，好吃嗎？),118.170.52.91,https://www.ptt.cc/bbs/Gossiping/M.1562385595.A.B5A.html,330,41,202
235,1T8272eO,[問卦] 今晚林志成擊敗館長我加碼到百萬獎金,Sat Jul  6 12:21:19 2019,gn01765288 (金庸),180.217.137.146,https://www.ptt.cc/bbs/Gossiping/M.1562386882.A.A18.html,903,28,145
236,1T82F60d,Re: [問卦]館長921救災真的需要這樣？,Sat Jul  6 12:29:55 2019,tinytod (22),111.184.180.73,https://www.ptt.cc/bbs/Gossiping/M.1562387398.A.027.html,213,6,117
237,1T834vCt,[爆卦] 臺北市搭公車小心公車司機騙錢,Sat Jul  6 13:27:19 2019,s84629 (wizkhaaaaa),42.72.58.31,https://www.ptt.cc/bbs/Gossiping/M.1562390841.A.337.html,207,30,147
238,1T83GH7x,Re: [新聞] 雙城論壇直播中斷 柯文哲：這烏龍嘛、我,Sat Jul  6 13:39:26 2019,miler22020 (orz),111.71.41.37,https://www.ptt.cc/bbs/Gossiping/M.1562391569.A.1FB.html,193,33,162
239,1T83-To6,Re: [問卦] 為何有鄉民不情願去政黑板討論政治,Sat Jul  6 14:28:43 2019,DaDadergeege (Kyle),123.193.83.95,https://www.ptt.cc/bbs/Gossiping/M.1562394525.A.C86.html,206,37,166
240,1T84Kjmq,[新聞] 丁守中再戰柯P 傳奇律師出馬 主打4點後違,Sat Jul  6 14:52:27 2019,Perl6 (Perl6),59.127.113.43,https://www.ptt.cc/bbs/Gossiping/M.1562395949.A.C34.html,225,21,103
241,1T852YAe,Re: [問卦] 今晚林志成擊敗館長我加碼到百萬獎金,Sat Jul  6 15:41:18 2019,GTOKevin (K),104.32.215.91,https://www.ptt.cc/bbs/Gossiping/M.1562398882.A.2A8.html,399,4,61
242,1T85YT-4,[新聞] 柯文哲稱柯劉會直播是小朋友弄錯　朱立倫,Sat Jul  6 16:15:23 2019,sgzt (sgzt),111.240.95.39,https://www.ptt.cc/bbs/Gossiping/M.1562400925.A.F84.html,191,22,94
243,1T85ga12,[新聞] 獨／松山車站驚傳男子逃票強搭區間車　4,Sat Jul  6 16:24:02 2019,vic2211 (我是vic),61.230.104.48,https://www.ptt.cc/bbs/Gossiping/M.1562401444.A.042.html,236,31,122
244,1T86I9J7,[新聞] 韓國瑜夫婦雲林豪華農舍曝光！今雇工拆,Sat Jul  6 17:06:11 2019,mdxfive (哈囉！妳好嗎？衷心感謝),114.26.117.138,https://www.ptt.cc/bbs/Gossiping/M.1562403977.A.4C7.html,200,45,110
245,1T86LXhH,[問卦] 有沒有逛店長腿短褲妹的卦？,Sat Jul  6 17:09:51 2019,Forthelife (我認為暱稱一定要全填滿),49.218.19.231,https://www.ptt.cc/bbs/Gossiping/M.1562404193.A.AD1.html,200,34,45
246,1T86XLO0,[問卦] (急)有人在桃機撿到戒指嗎？(在線等),Sat Jul  6 17:22:27 2019,jesus1102 (歐斯大),49.216.178.164,https://www.ptt.cc/bbs/Gossiping/M.1562404949.A.600.html,292,8,81
247,1T86YAJT,Re: [問卦] 為何有鄉民不情願去政黑板討論政治,Sat Jul  6 17:23:20 2019,arthurpan (arthurpan),101.9.146.9,https://www.ptt.cc/bbs/Gossiping/M.1562405002.A.4DD.html,521,226,432
248,1T882wfD,[問卦] 今年過了一半，你認為那一件最智障,Sat Jul  6 19:06:32 2019,doggy1985 (火鍋人),49.217.36.85,https://www.ptt.cc/bbs/Gossiping/M.1562411194.A.A4D.html,152,16,67
249,1T88JxiL,[新聞] 韓粉暴衝!高雄觀光日公然飆罵支持罷免女,Sat Jul  6 19:24:40 2019,MAGPUL (magpul gun),42.72.225.21,https://www.ptt.cc/bbs/Gossiping/M.1562412283.A.B15.html,517,53,201
250,1T88K-Oc,[新聞] 韓國瑜夫婦豪華農舍有無違建?雲縣府:根本,Sat Jul  6 19:25:47 2019,befly10015 (befly),118.171.64.70,https://www.ptt.cc/bbs/Gossiping/M.1562412350.A.626.html,132,18,69
251,1T88brDr,[新聞] 影／罷免韓國瑜！高雄名甜點免費送　韓粉竟登門怒罵：去死,Sat Jul  6 19:43:46 2019,binary0602 (小工人),42.73.199.99,https://www.ptt.cc/bbs/Gossiping/M.1562413429.A.375.html,296,23,133
252,1T88cMG8,[問卦] 酒店妹cosplay反罷工空姐 喝勝！,Sat Jul  6 19:44:20 2019,Huoyichung (路易),39.12.10.128,https://www.ptt.cc/bbs/Gossiping/M.1562413462.A.408.html,126,8,85
253,1T88tGyu,[爆卦] PTT風雲人物/流行語大賞推薦剩10天(發錢),Sat Jul  6 20:02:22 2019,a3225737 (轟),118.161.4.52,https://www.ptt.cc/bbs/Gossiping/M.1562414544.A.F38.html,273,0,21
254,1T89u3w5,[新聞] 罷韓甜點免費送 韓粉竟登門怒罵去死,Sat Jul  6 21:11:29 2019,QQgirl (台灣賈靜雯),1.174.138.211,https://www.ptt.cc/bbs/Gossiping/M.1562418691.A.E85.html,268,34,130
255,1T8ACDRf,[新聞] 澎湖海膽開放採捕第6天 已3人溺斃,Sat Jul  6 21:32:58 2019,medama ( ),110.50.138.102,https://www.ptt.cc/bbs/Gossiping/M.1562419981.A.6E9.html,149,13,72
256,1T8Aj30_,[新聞] 中國拳王好大口氣！提5方案戰館長...稱「,Sat Jul  6 22:08:00 2019,proprome (月光寶盒),175.180.98.122,https://www.ptt.cc/bbs/Gossiping/M.1562422083.A.03F.html,469,205,376
257,1T8Apxum,[新聞] 回應「中共代理人」修法 蔡英文：中方對,Sat Jul  6 22:15:20 2019,Tsucomi69 (N9SU3XL3AJ4),114.33.196.118,https://www.ptt.cc/bbs/Gossiping/M.1562422523.A.E30.html,289,72,243
258,1T8Ar8U2,Re: [新聞] 劉結一提告台灣同胞書 柯:諒解各說各該說,Sat Jul  6 22:16:36 2019,senma (ライフ☆ライン),1.162.218.219,https://www.ptt.cc/bbs/Gossiping/M.1562422600.A.782.html,315,33,208
259,1T8A_hnL,[新聞] 台南國小狼師涉性侵 目前掌握受害達26人,Sat Jul  6 22:27:52 2019,jiern (jiern),180.217.233.190,https://www.ptt.cc/bbs/Gossiping/M.1562423275.A.C55.html,181,35,152
260,1T8BYyCz,[新聞] 警破獲大麻園 金主竟是統促黨幹部,Sat Jul  6 23:05:29 2019,createlight (創輝),59.127.237.166,https://www.ptt.cc/bbs/Gossiping/M.1562425532.A.33D.html,203,21,98
261,1T8Be5G_,Re: [新聞] 正妹女大生與豬浮潛…下秒遭3鯊魚狠咬鬥,Sat Jul  6 23:10:58 2019,rrr518 (小籠包獵人),124.218.84.43,https://www.ptt.cc/bbs/Gossiping/M.1562425861.A.43F.html,820,5,94
262,1T8Bphz3,"[爆卦] 葉德嫻:港人無需乞求,極長抗爭冷靜不放棄",Sat Jul  6 23:23:20 2019,LWong (人人期望可達到),219.79.66.224,https://www.ptt.cc/bbs/Gossiping/M.1562426603.A.F43.html,230,8,42
263,1T8FD7Lc,Re: [新聞] 台南國小狼師涉性侵 目前掌握受害達26人,Sun Jul  7 03:15:17 2019,L1ON (我是獅子~(ﾉﾟ▽ﾟ),180.217.164.65,https://www.ptt.cc/bbs/Gossiping/M.1562440519.A.566.html,382,13,130
264,1T8GBz_P,[問卦] G軟單挑館長有多少勝算？(づ・ω・)づ,Sun Jul  7 04:22:19 2019,XArcherX (萬軍無兵),118.166.43.242,https://www.ptt.cc/bbs/Gossiping/M.1562444541.A.FD9.html,417,11,47
265,1T8IAjm_,[問卦] 這裡多少人經歷過921？,Sun Jul  7 06:37:31 2019,Strokes (狗沒拿賽),61.230.16.64,https://www.ptt.cc/bbs/Gossiping/M.1562452653.A.C3F.html,311,4,213
266,1T8Ke-2i,[爆卦] 日本一數學老師疑似AV出演被抓包 o'_'o,Sun Jul  7 09:26:19 2019,gaiaesque (一起來聽techno八 o'_'o),1.175.176.187,https://www.ptt.cc/bbs/Gossiping/M.1562462782.A.0AC.html,262,26,71
267,1T8LTWcx,[爆卦] 向少女銅像吐口水 犯人韓國人 5ch...,Sun Jul  7 10:22:22 2019,taotzu (╮(╯▽╰),223.139.78.9,https://www.ptt.cc/bbs/Gossiping/M.1562466144.A.9BB.html,291,21,78
268,1T8LVtnq,[新聞] 大馬炸魚釀禍 2中國潛水客被炸死 教練傷重,Sun Jul  7 10:24:42 2019,Barcarolle (涓涓流水),220.141.122.195,https://www.ptt.cc/bbs/Gossiping/M.1562466295.A.C74.html,174,38,127
269,1T8M7-Jq,[爆卦] 高雄國際觀光節字體無授權擅用,Sun Jul  7 11:07:40 2019,vm03vm03 (蟑螂小強),1.173.66.243,https://www.ptt.cc/bbs/Gossiping/M.1562468862.A.4F4.html,236,17,47
270,1T8MJm1_,Re: [問卦] 今晚林志成擊敗館長我加碼到百萬獎金,Sun Jul  7 11:20:12 2019,gn01765288 (金庸),110.50.152.154,https://www.ptt.cc/bbs/Gossiping/M.1562469616.A.07F.html,458,8,73
271,1T8MVCGd,Re: [爆卦] 一位藍底鑲白旗政治幕僚的真心話,Sun Jul  7 11:32:27 2019,bird5566 (伯德55566),111.242.11.1,https://www.ptt.cc/bbs/Gossiping/M.1562470348.A.427.html,317,146,353
272,1T8Mi_Kn,Re: [爆卦] 一位藍底鑲白旗政治幕僚的真心話,Sun Jul  7 11:47:08 2019,ericisfish (台中李宗瑞),61.227.133.111,https://www.ptt.cc/bbs/Gossiping/M.1562471231.A.531.html,142,7,67
273,1T8M-fwL,Re: [爆卦] 一位藍底鑲白旗政治幕僚的真心話,Sun Jul  7 12:05:58 2019,schizophrena (),123.195.47.122,https://www.ptt.cc/bbs/Gossiping/M.1562472361.A.E95.html,140,6,82
274,1T8NBjFE,[問卦] 有沒有遮蔽短褲妹的卦？,Sun Jul  7 12:19:55 2019,Forthelife (我認為暱稱一定要全填滿),49.216.133.143,https://www.ptt.cc/bbs/Gossiping/M.1562473197.A.3CE.html,237,48,54
275,1T8NHZUd,Re: [爆卦] 一位藍底鑲白旗政治幕僚的真心話,Sun Jul  7 12:26:09 2019,a000000000 (能量循環教),24.130.196.136,https://www.ptt.cc/bbs/Gossiping/M.1562473571.A.7A7.html,402,75,133
276,1T8NY7-n,[新聞] 黃國昌：別再讓藍、綠兩黨立委過半,Sun Jul  7 12:43:48 2019,johnny790218 (全知),61.216.147.167,https://www.ptt.cc/bbs/Gossiping/M.1562474631.A.FB1.html,333,66,176
277,1T8NgWww,Re: [爆卦] 一位藍底鑲白旗政治幕僚的真心話,Sun Jul  7 12:52:45 2019,ipad6255 (愛配舞舞),61.219.150.139,https://www.ptt.cc/bbs/Gossiping/M.1562475168.A.EBA.html,121,2,51
278,1T8Nk-Gb,Re: [爆卦] 一位藍底鑲白旗政治幕僚的真心話,Sun Jul  7 12:57:31 2019,simonkko (風無殤),36.226.146.101,https://www.ptt.cc/bbs/Gossiping/M.1562475454.A.425.html,306,13,104
279,1T8N_YBc,Re: [爆卦] 一位藍底鑲白旗政治幕僚的真心話,Sun Jul  7 13:15:08 2019,Mulice0926 (柴柴),122.146.248.205,https://www.ptt.cc/bbs/Gossiping/M.1562476514.A.2E6.html,348,31,189
280,1T8OMUkZ,Re: [爆卦] 一位藍底鑲白旗政治幕僚的真心話,Sun Jul  7 13:39:40 2019,sariel0322 (sariel),49.159.122.223,https://www.ptt.cc/bbs/Gossiping/M.1562477982.A.BA3.html,203,16,90
281,1T8Omkd1,Re: [參選] arsonlolita,Sun Jul  7 14:07:40 2019,todao (心裡有數),180.217.140.80,https://www.ptt.cc/bbs/Gossiping/M.1562479662.A.9C1.html,138,15,103
282,1T8OoY2k,Re: [爆卦] 一位藍底鑲白旗政治幕僚的真心話,Sun Jul  7 14:09:36 2019,skyabsence (333),125.224.64.156,https://www.ptt.cc/bbs/Gossiping/M.1562479778.A.0AE.html,188,3,87
283,1T8PTyb-,[公告] 關於政治文,Sun Jul  7 14:55:54 2019,Bignana (孤鴻寄語默蒼離),110.28.5.11,https://www.ptt.cc/bbs/Gossiping/M.1562482556.A.97E.html,428,187,447
284,1T8PdFb8,"[新聞] 兩岸貿易額 去年逆勢創高 突破2,200億美",Sun Jul  7 15:05:49 2019,obrag (Alley Cat),210.71.60.11,https://www.ptt.cc/bbs/Gossiping/M.1562483151.A.948.html,186,48,185
285,1T8Pe0HP,[公告] 政治文走向 民意調查,Sun Jul  7 15:06:36 2019,ReDmango (10K高清天才小釣手),58.114.25.142,https://www.ptt.cc/bbs/Gossiping/M.1562483200.A.459.html,3352,176,701
286,1T8PmabJ,[問卦] 先知並不寂寞(發錢),Sun Jul  7 15:15:44 2019,purplvampire (阿修雷),180.177.123.190,https://www.ptt.cc/bbs/Gossiping/M.1562483748.A.953.html,161,14,23
287,1T8Q8a-i,Re: [爆卦] 一位藍底鑲白旗政治幕僚的真心話,Sun Jul  7 15:41:18 2019,perceval (摸魚中),1.164.172.182,https://www.ptt.cc/bbs/Gossiping/M.1562485284.A.FAC.html,206,10,98
288,1T8QDn_u,Re: [公告] 關於政治文,Sun Jul  7 15:46:49 2019,RS5566 (懶叫好吃^Q^),101.13.194.27,https://www.ptt.cc/bbs/Gossiping/M.1562485617.A.FF8.html,341,54,214
289,1T8QFCkM,[新聞] 影／追隨機師爸當上「華航副機師」！30歲兒開小鋼砲撞爆頭亡,Sun Jul  7 15:48:03 2019,kiyoe (吉岡),125.231.168.217,https://www.ptt.cc/bbs/Gossiping/M.1562485708.A.B96.html,237,57,96
290,1T8QOL65,Re: [爆卦] 一位藍底鑲白旗政治幕僚的真心話,Sun Jul  7 15:58:11 2019,orinsinal (Rhythm of the Night),1.164.172.182,https://www.ptt.cc/bbs/Gossiping/M.1562486293.A.185.html,269,21,174
291,1T8QOoPA,Re: [爆卦] 一位藍底鑲白旗政治幕僚的真心話,Sun Jul  7 15:58:40 2019,WiNtErPoWeR (WiNtErPoWeR),163.1.230.4,https://www.ptt.cc/bbs/Gossiping/M.1562486322.A.64A.html,164,8,57
292,1T8QeJeM,Re: [爆卦] 一位藍底鑲白旗政治幕僚的真心話,Sun Jul  7 16:15:13 2019,IAmFreeAndU (116一起幫國民黨送終),114.40.215.78,https://www.ptt.cc/bbs/Gossiping/M.1562487315.A.A16.html,187,37,151
293,1T8QsemZ,[公告] 七級浮屠，水桶!!,Sun Jul  7 16:30:30 2019,Bignana (孤鴻寄語默蒼離),36.239.223.140,https://www.ptt.cc/bbs/Gossiping/M.1562488232.A.C23.html,201,17,133
294,1T8R0pAe,[問卦] 柯粉為什麼一直自爆,Sun Jul  7 16:41:21 2019,hjk56789 (hjk56789),223.137.68.116,https://www.ptt.cc/bbs/Gossiping/M.1562488883.A.2A8.html,155,31,166
295,1T8R51tq,Re: [參選] arsonlolita,Sun Jul  7 16:45:51 2019,tigertanktwo (tigertanktwo),39.8.170.250,https://www.ptt.cc/bbs/Gossiping/M.1562489153.A.DF4.html,214,57,269
296,1T8REMGS,[新聞] 柯幕僚網上呼灌票給郭 郭稱願跟白色力量,Sun Jul  7 16:55:48 2019,OhLayla (夢到),223.140.221.224,https://www.ptt.cc/bbs/Gossiping/M.1562489750.A.41C.html,445,105,347
297,1T8RTpwj,[問卦] 去年最可怕的謊話是哪句?,Sun Jul  7 17:12:17 2019,va1kyrie (123),59.120.219.225,https://www.ptt.cc/bbs/Gossiping/M.1562490739.A.EAD.html,186,19,118
298,1T8RfD2H,[爆卦] 柯文哲幕僚李縉穎lipoor 轉臉書帶風向了,Sun Jul  7 17:24:27 2019,namtar (找一個新開始        惽),123.194.86.6,https://www.ptt.cc/bbs/Gossiping/M.1562491469.A.091.html,215,28,161
299,1T8RxBMc,[爆卦] 今天7/7香港的遊行,Sun Jul  7 17:43:37 2019,mirrorswings (),111.243.3.186,https://www.ptt.cc/bbs/Gossiping/M.1562492619.A.5A6.html,389,16,66
300,1T8S7kwE,Re: [爆卦] 柯文哲幕僚李縉穎lipoor 轉臉書帶風向了,Sun Jul  7 17:56:59 2019,shokotan (しょこたん),1.160.30.156,https://www.ptt.cc/bbs/Gossiping/M.1562493422.A.E8E.html,271,37,145
301,1T8SGWAn,Re: [新聞] 《政治》李縉穎證實：PO文前有向柯報備,Sun Jul  7 18:06:22 2019,sading7 (sading7),106.1.22.252,https://www.ptt.cc/bbs/Gossiping/M.1562493984.A.2B1.html,234,59,209
302,1T8SKTRS,[問卦] 日本有哪些地方是輸給台灣的？,Sun Jul  7 18:10:35 2019,morgankhs (豪哥),118.161.77.90,https://www.ptt.cc/bbs/Gossiping/M.1562494237.A.6DC.html,152,8,131
303,1T8SOihx,Re: [爆卦] 一位藍底鑲白旗政治幕僚的真心話,Sun Jul  7 18:15:06 2019,arthurpan (arthurpan),101.12.195.151,https://www.ptt.cc/bbs/Gossiping/M.1562494508.A.AFB.html,613,97,388
304,1T8SgBHh,[爆卦] 世大運 李智凱 鞍馬金牌,Sun Jul  7 18:33:45 2019,allan9181 (Allan),101.13.141.22,https://www.ptt.cc/bbs/Gossiping/M.1562495627.A.46B.html,282,0,51
305,1T8SiijZ,[問卦] 桃園抓改車噪音 是要店家怎麼活？擾民？,Sun Jul  7 18:36:26 2019,rick102233 (),27.52.126.68,https://www.ptt.cc/bbs/Gossiping/M.1562495788.A.B63.html,1019,187,501
306,1T8SzD9s,Re: [新聞] 《政治》李縉穎證實：PO文前有向柯報備,Sun Jul  7 18:54:03 2019,iphone20 (iphone20),39.8.62.161,https://www.ptt.cc/bbs/Gossiping/M.1562496845.A.276.html,275,55,242
307,1T8T0elb,Re: [問卦] 台灣併入日本國土好嗎？,Sun Jul  7 18:57:42 2019,ilovesumika (老夫),223.138.29.234,https://www.ptt.cc/bbs/Gossiping/M.1562497064.A.BE5.html,836,89,291
308,1T8T9P5e,[爆卦]香港遊行:和平理性優雅燒中共後欄輸出革命,Sun Jul  7 19:07:03 2019,LWong (人人期望可達到),42.98.51.73,https://www.ptt.cc/bbs/Gossiping/M.1562497625.A.168.html,181,4,29
309,1T8TGvHp,Re: [爆卦] 一位藍底鑲白旗政治幕僚的真心話,Sun Jul  7 19:15:03 2019,michaelkobe (荒人邪影),106.1.224.165,https://www.ptt.cc/bbs/Gossiping/M.1562498105.A.473.html,309,37,347
310,1T8TL1w9,[新聞] 蘇貞昌被傳在李承翰告別式摔筆？烏龍傳言！真相跟習俗有關,Sun Jul  7 19:19:26 2019,asuka99 (Asuka),114.40.152.106,https://www.ptt.cc/bbs/Gossiping/M.1562498369.A.E89.html,244,41,180
311,1T8TNoiz,Re: [爆卦] 一位藍底鑲白旗政治幕僚的真心話,Sun Jul  7 19:22:24 2019,Zeelandia (pectoralis),36.237.8.90,https://www.ptt.cc/bbs/Gossiping/M.1562498546.A.B3D.html,127,15,63
312,1T8UJ54e,[新聞] 罷工後「年收多3萬」！空服慘損失12萬年終、優待票,Sun Jul  7 20:25:39 2019,EVEA (止痛錠.),123.194.189.251,https://www.ptt.cc/bbs/Gossiping/M.1562502341.A.128.html,161,23,140
313,1T8UWiFe,Re: [新聞] 《政治》李縉穎證實：PO文前有向柯報備,Sun Jul  7 20:40:10 2019,AalIzzWell (All is well),125.224.145.56,https://www.ptt.cc/bbs/Gossiping/M.1562503212.A.3E8.html,143,19,90
314,1T8VCGHw,Re: [爆卦] 一位藍底鑲白旗政治幕僚的真心話,Sun Jul  7 21:26:37 2019,ERT312 (312),36.238.192.68,https://www.ptt.cc/bbs/Gossiping/M.1562506000.A.47A.html,670,79,357
315,1T8VTBet,[新聞] 飆罵「去死」的女韓粉 辱罵前澎湖縣長被,Sun Jul  7 21:44:41 2019,tenoopy (拉拉),110.50.131.48,https://www.ptt.cc/bbs/Gossiping/M.1562507083.A.A37.html,344,35,113
316,1T8VjI4Z,Re: [新聞] 罷工後「年收多3萬」！空服慘損失12萬年終、優待票,Sun Jul  7 22:01:52 2019,TsukimiyaAyu (ㄎㄎㄎㄎㄎㄎㄎㄎㄎㄎㄎ),42.76.142.96,https://www.ptt.cc/bbs/Gossiping/M.1562508114.A.123.html,200,18,101
317,1T8WCvJf,[問卦] 有沒有白色蟑螂的八卦？,Sun Jul  7 22:35:31 2019,ap926044 (法號失智),101.11.44.240,https://www.ptt.cc/bbs/Gossiping/M.1562510137.A.4E9.html,139,15,54
318,1T8WDUyN,Re: [爆卦] 一位藍底鑲白旗政治幕僚的真心話,Sun Jul  7 22:36:10 2019,HAHAHUNG (香港加油),111.83.182.253,https://www.ptt.cc/bbs/Gossiping/M.1562510174.A.F17.html,267,85,297
319,1T8WTffS,[新聞] 中共承認三峽大壩變形 三峽景區發緊急通,Sun Jul  7 22:53:25 2019,TName (真相就是指路燈 時間到了),122.116.90.159,https://www.ptt.cc/bbs/Gossiping/M.1562511209.A.A5C.html,458,83,341
320,1T8WWuB3,[新聞] 罷工空服員LINE嗆電爆工賊 工會:被IT高手,Sun Jul  7 22:56:53 2019,befly10015 (befly),114.47.135.98,https://www.ptt.cc/bbs/Gossiping/M.1562511416.A.2C3.html,228,23,119
321,1T8XQlrs,[新聞] 嗆「電爆」長榮罷工叛逃者？工會幹部遭停,Sun Jul  7 23:58:36 2019,murray (無),61.228.7.112,https://www.ptt.cc/bbs/Gossiping/M.1562515119.A.D76.html,539,40,366
322,1T8XTOEC,Re: [新聞] 中共承認三峽大壩變形 三峽景區發緊急通,Mon Jul  8 00:01:25 2019,Montana01 (www),27.242.140.18,https://www.ptt.cc/bbs/Gossiping/M.1562515288.A.38C.html,157,25,124
323,1T8Y7Pwi,Re: [新聞] 嗆「電爆」長榮罷工叛逃者？工會幹部遭停,Mon Jul  8 00:46:15 2019,TsukimiyaAyu (ㄎㄎㄎㄎㄎㄎㄎㄎㄎㄎㄎ),42.76.142.96,https://www.ptt.cc/bbs/Gossiping/M.1562517977.A.EAC.html,203,15,111
324,1T8YGNnh,[爆卦] 世大運 競技體操男子單槓 唐嘉鴻 金牌,Mon Jul  8 00:55:49 2019,echoo (回聲O),203.139.95.220,https://www.ptt.cc/bbs/Gossiping/M.1562518551.A.C6B.html,159,1,30
325,1T8YLeBA,Re: [新聞] 嗆「電爆」長榮罷工叛逃者？工會幹部遭停,Mon Jul  8 01:01:26 2019,eternia0920 (我不會用水球(￣□￣||),140.110.200.42,https://www.ptt.cc/bbs/Gossiping/M.1562518888.A.2CA.html,185,15,109
326,1T8d3aRf,Re: [新聞] 中共承認三峽大壩變形 三峽景區發緊急通,Mon Jul  8 06:23:30 2019,Montana01 (www),27.242.140.18,https://www.ptt.cc/bbs/Gossiping/M.1562538212.A.6E9.html,123,9,130
327,1T8dlKsk,[問卦] 有沒有32歲女主播的八卦呀？,Mon Jul  8 07:10:10 2019,radiotofu (電台豆腐),180.217.177.245,https://www.ptt.cc/bbs/Gossiping/M.1562541012.A.DAE.html,205,16,56
328,1T8edjYb,Re: [新聞] 幕僚李縉穎帶風向挺郭？柯文哲面有難色,Mon Jul  8 08:10:18 2019,a9zeros (a九個零),104.248.145.187,https://www.ptt.cc/bbs/Gossiping/M.1562544621.A.8A5.html,214,42,179
329,1T8fX-aP,Fw: [黑特] 韓粉盜圖，製造年輕人挺韓假象,Mon Jul  8 09:12:29 2019,gdrongon (GD),1.200.33.181,https://www.ptt.cc/bbs/Gossiping/M.1562548350.A.919.html,160,14,62
330,1T8g9FvZ,[新聞] 高雄市廣告含霸凌畫面！大量網友怒：爛,Mon Jul  8 09:54:21 2019,acz0221 (來自幽冥界的中二),101.11.34.70,https://www.ptt.cc/bbs/Gossiping/M.1562550863.A.E63.html,297,46,149
331,1T8gbjvy,[新聞]郭台銘劃清界線:以為楊秋興是韓人馬才接觸,Mon Jul  8 10:24:41 2019,ipipwrong (Guess),39.12.141.242,https://www.ptt.cc/bbs/Gossiping/M.1562552685.A.E7C.html,203,13,100
332,1T8gguHa,[新聞] 罷工落幕 長榮航清理戰場,Mon Jul  8 10:30:12 2019,"zebirlin (ほろ  酔
い)",49.216.132.59,https://www.ptt.cc/bbs/Gossiping/M.1562553016.A.464.html,261,59,152
333,1T8gydQe,[問卦] 幹你娘駕照一次過 爽啦 發錢,Mon Jul  8 10:49:07 2019,iamgaylan (),49.217.32.98,https://www.ptt.cc/bbs/Gossiping/M.1562554151.A.6A8.html,464,81,83
334,1T8hGbCB,[新聞] 幕僚發文挺郭、籲有韓不投 柯P：年輕人關,Mon Jul  8 11:10:26 2019,sgzt (sgzt),111.240.94.154,https://www.ptt.cc/bbs/Gossiping/M.1562555429.A.30B.html,269,102,232
335,1T8hVyl4,Re: [新聞] 天降橫禍！逛街坐捷運階梯休息 遭小貨車,Mon Jul  8 11:26:50 2019,w25707693 (),118.168.205.16,https://www.ptt.cc/bbs/Gossiping/M.1562556412.A.BC4.html,2183,14,265
336,1T8hdbKx,[新聞] 切割「韓黑」楊秋興 郭台銘：我跟他沒有,Mon Jul  8 11:34:58 2019,xdfunnyboy (XD大叔),115.82.17.45,https://www.ptt.cc/bbs/Gossiping/M.1562556901.A.53B.html,134,7,201
337,1T8h-BIb,Re: [ＸＤ] 柯文哲在國台辦主任面前稱習近平為習大大,Mon Jul  8 11:59:05 2019,a9zeros (a九個零),104.248.157.103,https://www.ptt.cc/bbs/Gossiping/M.1562558347.A.4A5.html,158,41,59
338,1T8iFmR2,[新聞] 「那不是人待的地方啊！」遭長榮驅逐一年,Mon Jul  8 12:17:50 2019,ohohohya (安安你好我草泥馬),223.137.41.254,https://www.ptt.cc/bbs/Gossiping/M.1562559472.A.6C2.html,184,17,88
339,1T8iPDcf,[新聞] 告別式摔筆？「擲筆」習俗原來是這樣,Mon Jul  8 12:27:52 2019,juyhnmki (juyhnmki),220.133.134.72,https://www.ptt.cc/bbs/Gossiping/M.1562560077.A.9A9.html,304,57,270
340,1T8iaq5t,Fw: [討論] joke板有一群柯網軍?,Mon Jul  8 12:40:19 2019,as7766332211 (monkaS),122.100.86.82,https://www.ptt.cc/bbs/Gossiping/M.1562560820.A.177.html,167,6,160
341,1T8iouvH,[新聞] 台塑德州廠遭認定排放污染：美國法官直,Mon Jul  8 12:55:17 2019,bassblacktea (紅茶茶),27.52.10.205,https://www.ptt.cc/bbs/Gossiping/M.1562561720.A.E51.html,220,21,94
342,1T8iu3_w,Re: [新聞] 《政治》李縉穎證實：PO文前有向柯報備,Mon Jul  8 13:00:49 2019,windcanblow (戲謔人生),36.224.230.168,https://www.ptt.cc/bbs/Gossiping/M.1562562051.A.FFA.html,246,74,401
343,1T8jMVcx,[新聞] 國旗裝美女照被盜標「女青年韓家軍」女,Mon Jul  8 13:33:17 2019,leafshot (5566),114.137.18.155,https://www.ptt.cc/bbs/Gossiping/M.1562563999.A.9BB.html,118,2,58
344,1T8jWQna,[新聞] 國旗裝美女照被盜標「女青年韓家軍」女模,Mon Jul  8 13:43:51 2019,gravity5678 (美乃滋根本不夠啊),125.231.86.105,https://www.ptt.cc/bbs/Gossiping/M.1562564634.A.C64.html,125,8,28
345,1T8kUHQ_,[新聞] 網傳三峽大壩「變形位移」　陸媒：處於「,Mon Jul  8 14:49:50 2019,RRADA (HIRO),36.231.151.65,https://www.ptt.cc/bbs/Gossiping/M.1562568593.A.6BF.html,310,35,214
346,1T8lYzwB,[問卦] 有沒有鴿子在窗戶外生蛋的掛？,Mon Jul  8 16:03:07 2019,za319 (za),111.254.197.100,https://www.ptt.cc/bbs/Gossiping/M.1562572989.A.E8B.html,158,10,62
347,1T8mPwsi,[新聞] 國旗帽風波 蔡英文嗆：我不是郭董的員工,Mon Jul  8 17:01:44 2019,nerudaliu (Chairborne Ranger),42.72.216.24,https://www.ptt.cc/bbs/Gossiping/M.1562576506.A.DAC.html,369,49,176
348,1T8meHh7,Re: [新聞] 柯幕僚疑帶風向　柯文哲：誰寫誰負責啊,Mon Jul  8 17:17:03 2019,sading7 (sading7),101.9.197.119,https://www.ptt.cc/bbs/Gossiping/M.1562577425.A.AC7.html,507,203,539
349,1T8msCJ7,Re: [新聞] 柯幕僚疑帶風向　柯文哲：誰寫誰負責啊,Mon Jul  8 17:31:55 2019,bery (該睡了= =),114.137.130.130,https://www.ptt.cc/bbs/Gossiping/M.1562578316.A.4C7.html,145,11,60
350,1T8mzPlD,[新聞] 郭台銘切割楊秋興：不要來找我,Mon Jul  8 17:39:34 2019,ul44ew (近度),110.28.3.93,https://www.ptt.cc/bbs/Gossiping/M.1562578777.A.BCD.html,127,4,35
351,1T8n54VE,[新聞] 台中最大社宅不蓋了　萬坪土地賣34億元,Mon Jul  8 17:47:45 2019,k418026 (月亮上的無尾熊),49.218.82.19,https://www.ptt.cc/bbs/Gossiping/M.1562579268.A.7CE.html,278,58,130
352,1T8nbA5M,[新聞] 麥克風沒關　郭台銘脫口「他已經不理智了,Mon Jul  8 18:21:55 2019,Desperando (郭粉 不行嗎),118.168.195.81,https://www.ptt.cc/bbs/Gossiping/M.1562581322.A.156.html,301,19,116
353,1T8ntfDZ,[新聞] 柯文哲決定了？鍾小平：副市長在上海說柯會選2020,Mon Jul  8 18:41:39 2019,TSMConduty (台積輪班星君 aka 柯學家),220.142.129.214,https://www.ptt.cc/bbs/Gossiping/M.1562582505.A.363.html,641,166,616
354,1T8o7Lm2,[問卦] 如果說被盜能過 那什麼話都能說了?(發錢),Mon Jul  8 18:58:27 2019,yolin2012 (yolin),223.137.226.114,https://www.ptt.cc/bbs/Gossiping/M.1562583509.A.C02.html,130,3,17
355,1T8obaqX,Re: [新聞] 柯幕僚疑帶風向　柯文哲：誰寫誰負責啊,Mon Jul  8 19:30:42 2019,RandyXiao (RandyXiao),101.10.97.105,https://www.ptt.cc/bbs/Gossiping/M.1562585444.A.D21.html,589,184,487
356,1T8p0p9S,[新聞] 蚊叮滿頭包諷韓國瑜「好想當總統」　巨,Mon Jul  8 19:59:44 2019,lovea (lovea),36.234.205.37,https://www.ptt.cc/bbs/Gossiping/M.1562587187.A.25C.html,209,19,57
357,1T8pB6GF,[新聞] 藍初選開跑　民調曝：韓粉大於郭粉 郭支,Mon Jul  8 20:10:44 2019,LWong (人人期望可達到),119.237.159.86,https://www.ptt.cc/bbs/Gossiping/M.1562587846.A.40F.html,129,13,228
358,1T8pLPzJ,[新聞] 「給機長餐加料」事情鬧大 長榮認影響飛,Mon Jul  8 20:21:42 2019,train60125 (少壯能幾時),1.164.12.228,https://www.ptt.cc/bbs/Gossiping/M.1562588505.A.F53.html,170,15,97
359,1T8pMZ0k,[新聞] 工會幹部涉霸凌遭停飛 工會：長榮恐面臨,Mon Jul  8 20:22:55 2019,iamthebest08 (),61.64.138.209,https://www.ptt.cc/bbs/Gossiping/M.1562588579.A.02E.html,284,56,210
360,1T8piecL,[新聞] 包芒果摔成癱 婦無奈「拖累4口家」,Mon Jul  8 20:46:28 2019,iXXXXGAY5566 (我非四叉貓 有恩怨請找牠),123.194.139.202,https://www.ptt.cc/bbs/Gossiping/M.1562589992.A.995.html,206,2,11
361,1T8pvRgR,[新聞] 日本掐住南韓半導體產業命脈，青瓦台首,Mon Jul  8 21:00:05 2019,bomda (蹦大),125.224.31.22,https://www.ptt.cc/bbs/Gossiping/M.1562590811.A.A9B.html,208,14,149
362,1T8q3gru,[問卦] 中國真的沒有直播嗎?,Mon Jul  8 21:11:03 2019,joka040509 (寶寶不魯，只是剛好單身),160.13.106.104,https://www.ptt.cc/bbs/Gossiping/M.1562591466.A.D78.html,163,29,75
363,1T8qIlIG,[問卦] 搭高鐵卻沒有錢買耳機是什麼人(發錢),Mon Jul  8 21:27:08 2019,sqin (學店企鵝肥肥),42.77.145.65,https://www.ptt.cc/bbs/Gossiping/M.1562592431.A.490.html,233,16,77
364,1T8qe87K,Re: [新聞] 太殘忍！狠父殺女屍放甜點冰櫃 名嘴氣憤,Mon Jul  8 21:49:56 2019,Sherlock56 (六月椿),111.239.66.7,https://www.ptt.cc/bbs/Gossiping/M.1562593800.A.1D4.html,232,3,60
365,1T8qo4lf,[爆卦] 中國經濟現狀，慘不忍睹,Mon Jul  8 22:00:34 2019,Paul0225 (thanks),180.217.130.30,https://www.ptt.cc/bbs/Gossiping/M.1562594436.A.BE9.html,265,25,105
366,1T8q-JMW,[新聞] 手機偷拍短褲妙齡女　賣場民眾合力揪狼,Mon Jul  8 22:13:36 2019,stratege (我愛風目魚),218.166.63.229,https://www.ptt.cc/bbs/Gossiping/M.1562595219.A.5A0.html,193,35,78
367,1T8rAt5I,[問卦] 如果三峽大壩潰堤，台灣人該做什麼呢？,Mon Jul  8 22:27:01 2019,zakijudelo (柴克豬大佬),101.10.17.128,https://www.ptt.cc/bbs/Gossiping/M.1562596023.A.152.html,237,12,144
368,1T8rQpvk,[新聞] 何韻詩聯合國發言批一國兩制 中國代表兩度打斷,Mon Jul  8 22:44:01 2019,falomu (瞂雒毣),192.42.116.15,https://www.ptt.cc/bbs/Gossiping/M.1562597043.A.E6E.html,693,25,192
369,1T8rigHl,Re: [新聞] 韓國瑜向綠選民喊話 「不滿意執政，還要,Mon Jul  8 23:03:04 2019,viclin1982 (不能鬆懈啊),101.8.204.101,https://www.ptt.cc/bbs/Gossiping/M.1562598186.A.46F.html,281,14,84
370,1T8tDQID,[爆卦] 空服員郭芷嫣承認要對機長加料是他本人了,Tue Jul  9 00:46:15 2019,bigfish0330 (大魚0330),140.112.150.74,https://www.ptt.cc/bbs/Gossiping/M.1562604378.A.48D.html,344,58,299
371,1T8tZsu_,[新聞] 郭芷嫣深夜承認了！　「entree要被加料,Tue Jul  9 01:10:11 2019,gn01765288 (金庸),180.217.85.126,https://www.ptt.cc/bbs/Gossiping/M.1562605814.A.E3F.html,134,16,103
372,1T8trZp-,[爆卦] 空姐在節目上說有空姐要在機艙門動手腳,Tue Jul  9 01:29:05 2019,rxhivzero (rx),1.171.162.59,https://www.ptt.cc/bbs/Gossiping/M.1562606947.A.CFE.html,225,36,207
373,1T8y6NP1,[新聞] 美國務院批准 售台108輛M1A2戰車,Tue Jul  9 06:20:03 2019,bb0819 (smile阿太),27.52.163.210,https://www.ptt.cc/bbs/Gossiping/M.1562624407.A.641.html,431,28,313
374,1T8ybEKY,[新聞] 郭姓空服員深夜道歉：對反罷工機師餐點加,Tue Jul  9 06:52:59 2019,greenmaplex (8+9保姆4ㄌㄒの形狀 讚讚),49.214.180.157,https://www.ptt.cc/bbs/Gossiping/M.1562626382.A.522.html,431,92,360
375,1T8zJYMO,Re: [新聞] 美國務院批准 售台108輛M1A2戰車,Tue Jul  9 07:42:24 2019,WiNtErPoWeR (WiNtErPoWeR),218.164.107.61,https://www.ptt.cc/bbs/Gossiping/M.1562629346.A.598.html,159,13,134
376,1T8zsKV4,Re: [新聞] 軍售被阻 毛嘉慶：報告蔡總統，川普把您,Tue Jul  9 08:19:29 2019,TsaoCharlie (曹查理),117.19.146.113,https://www.ptt.cc/bbs/Gossiping/M.1562631572.A.7C4.html,253,17,126
377,1T8-7kvG,[新聞] 沒注意麥克風已開　郭董講悄悄話「他已經,Tue Jul  9 08:38:02 2019,teriwon (直升機),114.136.74.17,https://www.ptt.cc/bbs/Gossiping/M.1562632686.A.E50.html,151,9,50
378,1T8-Uhc3,[問卦] 台灣被停軍售 會很高興的是哪種人?,Tue Jul  9 09:02:33 2019,a9zeros (a九個零),104.248.152.231,https://www.ptt.cc/bbs/Gossiping/M.1562634155.A.983.html,196,21,129
379,1T8_EzZ8,[爆卦] 給各位解盲一下關於採購M1A2戰車必要性,Tue Jul  9 09:54:03 2019,b777300 (su35s),42.73.113.220,https://www.ptt.cc/bbs/Gossiping/M.1562637245.A.8C8.html,339,29,388
380,1T8_c7x3,Re: [新聞] 柯幕僚疑帶風向　柯文哲：誰寫誰負責啊,Tue Jul  9 10:18:45 2019,demitri (forever),104.32.187.152,https://www.ptt.cc/bbs/Gossiping/M.1562638727.A.EC3.html,315,82,222
381,1T8_pwQe,[爆卦] 香港特首林鄭月娥宣佈 送中條例已死,Tue Jul  9 10:33:28 2019,namtar (找一個新開始        惽),123.194.86.6,https://www.ptt.cc/bbs/Gossiping/M.1562639610.A.6A8.html,140,16,84
382,1T904q1-,[新聞] 空服員承認說過要在機長主餐加料 長榮對,Tue Jul  9 10:51:30 2019,TsukimiyaAyu (ㄎㄎㄎㄎㄎㄎㄎㄎㄎㄎㄎ),42.76.142.96,https://www.ptt.cc/bbs/Gossiping/M.1562640692.A.07E.html,286,11,192
383,1T90NCyn,[新聞] 鍾小平開第一槍 宣布退出國民黨替柯文哲,Tue Jul  9 11:11:05 2019,befly10015 (befly),118.171.100.187,https://www.ptt.cc/bbs/Gossiping/M.1562641868.A.F31.html,789,166,503
384,1T90hHa-,[新聞] 民進黨高喊「非韓不投」 柯文哲:不要玩火,Tue Jul  9 11:32:31 2019,sgzt (sgzt),111.240.94.154,https://www.ptt.cc/bbs/Gossiping/M.1562643153.A.93E.html,546,204,590
385,1T90m-1M,[新聞] 被冤醫德問題 綠島唯一女醫陳姷頵辭職走,Tue Jul  9 11:38:35 2019,GGGGININ (喜憨兒),42.77.201.74,https://www.ptt.cc/bbs/Gossiping/M.1562643518.A.056.html,594,38,252
386,1T90wrH-,[新聞] 郭芷嫣認了放話「機長餐加料」 長榮:不知,Tue Jul  9 11:49:05 2019,dogkorea5566 (偽-韓狗56),220.129.226.36,https://www.ptt.cc/bbs/Gossiping/M.1562644149.A.47E.html,176,5,96
387,1T9152Cs,[爆卦] 登革熱警報?,Tue Jul  9 12:00:00 2019,sdtgfsrt (很會),106.107.241.81,https://www.ptt.cc/bbs/Gossiping/M.1562644802.A.336.html,577,25,204
388,1T922p7O,[爆卦] 央視痛批綠營灌票給韓,Tue Jul  9 13:05:53 2019,Antler5566 (鹿茸五六),111.71.26.235,https://www.ptt.cc/bbs/Gossiping/M.1562648755.A.1D8.html,467,84,521
389,1T923ZlU,[新聞] 鍾小平昔罵腦殘今投靠 柯文哲:人會隨時,Tue Jul  9 13:06:41 2019,MAGPUL (magpul gun),114.137.180.33,https://www.ptt.cc/bbs/Gossiping/M.1562648803.A.BDE.html,225,67,151
390,1T92Mn_Z,[新聞] 乘客指搭長榮會被下毒 打爆民航局電話,Tue Jul  9 13:27:07 2019,"zebirlin (ほろ  酔
い)",49.216.132.59,https://www.ptt.cc/bbs/Gossiping/M.1562650033.A.FE3.html,198,19,138
391,1T92ZbIn,[新聞] 小英用「台灣總統」有錯嗎？ 一張對比圖,Tue Jul  9 13:40:50 2019,leafshot (5566),114.137.57.248,https://www.ptt.cc/bbs/Gossiping/M.1562650853.A.4B1.html,129,16,66
392,1T92rAlw,[新聞] 國小新校長為「圓夢」任期僅24天！教師：,Tue Jul  9 13:59:35 2019,powyo (光子郎),118.163.229.98,https://www.ptt.cc/bbs/Gossiping/M.1562651978.A.BFA.html,211,48,196
393,1T92xUR7,[問卦] 過氣youtuber 你第一個想到誰,Tue Jul  9 14:06:20 2019,andys86498 (alex),60.251.58.169,https://www.ptt.cc/bbs/Gossiping/M.1562652382.A.6C7.html,203,14,102
394,1T933oCn,[新聞] 影／為何退黨挺柯文哲？鍾小平：柯參選可,Tue Jul  9 14:15:08 2019,bird5566 (伯德55566),114.136.15.72,https://www.ptt.cc/bbs/Gossiping/M.1562652914.A.331.html,144,23,72
395,1T9366DG,[新聞] 美批准對台軍售 中國官媒跳腳諷：流氓要,Tue Jul  9 14:17:39 2019,awhat (La Mer),61.216.78.139,https://www.ptt.cc/bbs/Gossiping/M.1562653062.A.350.html,366,31,147
396,1T93Sb3F,[新聞] 環保吸管使用注意！英女跌倒 金屬吸管插,Tue Jul  9 14:41:38 2019,GOD5566GOD (o'_'o),61.228.111.143,https://www.ptt.cc/bbs/Gossiping/M.1562654501.A.0CF.html,184,20,115
397,1T93XPD4,[新聞] 長榮機師說要送「特別餐」給反罷工者 遭,Tue Jul  9 14:46:46 2019,MrDK (DK),123.51.219.40,https://www.ptt.cc/bbs/Gossiping/M.1562654809.A.344.html,127,10,118
398,1T94GHxD,[新聞] 美售台地表最強戰車「M1A2」　蔡英文：,Tue Jul  9 15:36:46 2019,joug (好東西不簽嗎),111.252.112.55,https://www.ptt.cc/bbs/Gossiping/M.1562657809.A.ECD.html,315,26,222
399,1T94Kzr7,[新聞] 振奮！台南警開6槍擊斃通緝犯 調查後獲不,Tue Jul  9 15:41:43 2019,znck (風月),220.140.13.232,https://www.ptt.cc/bbs/Gossiping/M.1562658109.A.D47.html,254,34,89
400,1T94WRg_,[新聞] 丁守中總統大選可能與柯文哲對決 拚選舉,Tue Jul  9 15:54:01 2019,Perl6 (Perl6),61.222.194.127,https://www.ptt.cc/bbs/Gossiping/M.1562658843.A.ABF.html,210,33,153
401,1T94oGJ_,Re: [新聞] 民進黨高喊「非韓不投」 柯文哲:不要玩火,Tue Jul  9 16:13:02 2019,goldenfire (喵吞．Freeman),140.112.25.98,https://www.ptt.cc/bbs/Gossiping/M.1562659984.A.4FF.html,188,61,108
402,1T94qPH8,Re: [問卦] 露美長腿比露奶有人氣的卦,Tue Jul  9 16:15:19 2019,Forthelife (我認為暱稱一定要全填滿),49.216.133.143,https://www.ptt.cc/bbs/Gossiping/M.1562660121.A.448.html,428,112,93
403,1T953GIE,[問卦] 前女友生小孩 要去探訪嗎,Tue Jul  9 16:31:10 2019,Flitz (費爾),114.137.254.135,https://www.ptt.cc/bbs/Gossiping/M.1562661072.A.48E.html,201,20,112
404,1T95CJzt,[新聞] 美批准對台22億美元軍售中國外交部跳腳,Tue Jul  9 16:40:49 2019,TOBOT (濤寶 機器戰士),114.137.80.252,https://www.ptt.cc/bbs/Gossiping/M.1562661651.A.F77.html,181,7,62
405,1T95pRUc,[新聞] 快訊／警傳喚16：30作筆錄！　郭芷嫣突,Tue Jul  9 17:22:33 2019,a90575 (CY),27.242.190.170,https://www.ptt.cc/bbs/Gossiping/M.1562664155.A.7A6.html,392,64,198
406,1T95wmQW,[新聞] 英發現神秘金色怪鳥…真相竟是海鷗摔進咖,Tue Jul  9 17:30:16 2019,jhemezuo (Penelope),61.228.42.173,https://www.ptt.cc/bbs/Gossiping/M.1562664624.A.6A0.html,294,11,87
407,1T96GYoN,Re: [新聞] 台南國小狼師涉性侵 目前掌握受害達26人,Tue Jul  9 17:53:36 2019,dogtsai (    >____<),1.174.8.190,https://www.ptt.cc/bbs/Gossiping/M.1562666018.A.C97.html,340,12,87
408,1T96JfLH,Re: [問卦] 台灣人為啥那麼愛三大連鎖店披薩,Tue Jul  9 17:56:49 2019,lockingsong (),180.183.98.136,https://www.ptt.cc/bbs/Gossiping/M.1562666217.A.551.html,461,20,124
409,1T96R2eQ,Re: [爆卦] 最新民調 韓國瑜36% 柯文哲23% 蔡英文22%,Tue Jul  9 18:04:48 2019,schizophrena (),42.73.10.69,https://www.ptt.cc/bbs/Gossiping/M.1562666690.A.A1A.html,216,92,205
410,1T96aXBl,[新聞] 蔡英文出訪 將首度在美國與國內媒體茶敘,Tue Jul  9 18:14:55 2019,spirit119 (一二三木頭人),180.217.121.129,https://www.ptt.cc/bbs/Gossiping/M.1562667297.A.2EF.html,125,11,24
411,1T9745E8,[新聞] 香港反送中新計劃：全民到中國銀行取錢,Tue Jul  9 18:48:33 2019,Yirgacheffe (イルガチェッフェ),220.141.129.188,https://www.ptt.cc/bbs/Gossiping/M.1562669317.A.388.html,159,3,35
412,1T97UVp3,[爆卦] 2019拿坡里世大運 _ 男女混雙10公尺空氣,Tue Jul  9 19:16:45 2019,LOVEMOON3427 (沒看過落枕嗎...),49.159.9.197,https://www.ptt.cc/bbs/Gossiping/M.1562671007.A.CC3.html,221,0,35
413,1T97ev3h,[新聞] 飛機餐差點要人命！幸遇「全球最帥醫師」,Tue Jul  9 19:27:47 2019,TZUYIC (Celine-Flying On My Own),42.74.82.38,https://www.ptt.cc/bbs/Gossiping/M.1562671673.A.0EB.html,724,33,140
414,1T97jOLT,Re: [問卦] 台灣被停軍售 會很高興的是哪種人?,Tue Jul  9 19:32:24 2019,frankie30432 (雨が降って來たな),36.225.161.198,https://www.ptt.cc/bbs/Gossiping/M.1562671960.A.55D.html,182,13,66
415,1T98AJn9,[新聞] 北市機車停車擴大收費首日 民怨爆發,Tue Jul  9 20:03:27 2019,uvegotmail (郵差來按鈴囉),223.137.82.87,https://www.ptt.cc/bbs/Gossiping/M.1562673811.A.C49.html,245,44,161
416,1T98AO0V,"[爆卦] ""我們的""連鎖虐童托嬰中心、改名違法招生",Tue Jul  9 20:03:30 2019,ueewen (ueewen),101.8.201.35,https://www.ptt.cc/bbs/Gossiping/M.1562673816.A.01F.html,183,5,46
417,1T98FrMD,[新聞] 客製化M1A2T戰車來了 美批准27億對台軍售,Tue Jul  9 20:09:08 2019,sakaba (早起的鳥兒),220.141.146.225,https://www.ptt.cc/bbs/Gossiping/M.1562674165.A.58D.html,133,7,88
418,1T98eEVO,[新聞] 癌翁牽掛精障弟 祈「多活一天多顧他一天,Tue Jul  9 20:35:22 2019,iXXXXGAY5566 (我非四叉貓 有恩怨請找牠),123.194.139.202,https://www.ptt.cc/bbs/Gossiping/M.1562675726.A.7D8.html,173,0,15
419,1T98lBC2,[新聞] 何韻詩無畏中國阻撓 在聯合國為香港發聲,Tue Jul  9 20:42:48 2019,TyuzuChou (子瑜我老婆),103.3.193.194,https://www.ptt.cc/bbs/Gossiping/M.1562676171.A.302.html,267,9,56
420,1T98sEcv,[爆卦] 中共信用評分名單中包含台灣,Tue Jul  9 20:50:17 2019,iasyt (iasyt),125.230.208.228,https://www.ptt.cc/bbs/Gossiping/M.1562676622.A.9B9.html,522,79,217
421,1T9ACif5,Re: [問卦] 熱力怎麼可以這麼難= =,Tue Jul  9 22:22:30 2019,jfsu (水精靈),1879.11.1.5,https://www.ptt.cc/bbs/Gossiping/M.1562682156.A.A45.html,220,2,14
422,1T9AigW9,Re: [爆卦] 中共信用評分名單中包含台灣,Tue Jul  9 22:56:39 2019,lemon7242 (檸檬酸),111.184.170.94,https://www.ptt.cc/bbs/Gossiping/M.1562684202.A.809.html,298,15,132
423,1T9Ascqw,[爆卦] 央視：中國養老金破產，造謠？闢謠？,Tue Jul  9 23:07:16 2019,Paul0225 (thanks),180.217.130.30,https://www.ptt.cc/bbs/Gossiping/M.1562684838.A.D3A.html,110,4,38
424,1T9B513m,Fw: [檢舉] 超過五個帳號,Tue Jul  9 23:22:40 2019,MoriiKaho (牡羊座女孩),101.136.143.217,https://www.ptt.cc/bbs/Gossiping/M.1562685761.A.0F0.html,198,9,131
425,1T9H_n2w,[新聞] 裸女自稱「惡魔」闖民宅不走！屋主狂開,Wed Jul 10 07:14:54 2019,wwf0322 (奴才),39.13.36.100,https://www.ptt.cc/bbs/Gossiping/M.1562714097.A.0BA.html,253,35,107
426,1T9J0ygA,[新聞] 台南警開6槍擊斃通緝犯!家屬怒:你可以打,Wed Jul 10 08:24:25 2019,serialhon (人生如夢),110.50.140.171,https://www.ptt.cc/bbs/Gossiping/M.1562718268.A.A8A.html,1014,271,413
427,1T9J7C-E,[新聞] 習近平：絕不做昏官、懶官、庸官、貪官,Wed Jul 10 08:31:05 2019,if2 (祈福兔),42.73.46.87,https://www.ptt.cc/bbs/Gossiping/M.1562718668.A.F8E.html,229,73,124
428,1T9JHNUH,[新聞] 總統改國名 心中只有台灣國,Wed Jul 10 08:41:55 2019,chun0303 (chun),111.71.110.199,https://www.ptt.cc/bbs/Gossiping/M.1562719319.A.791.html,215,55,262
429,1T9JZKDF,[新聞] 槍擊要犯陳宏宗 嘉義拒捕槍戰身亡,Wed Jul 10 09:01:05 2019,ak47box (陽光黃金蛋),223.141.119.92,https://www.ptt.cc/bbs/Gossiping/M.1562720468.A.34F.html,364,16,109
430,1T9JgfKq,[問卦] 要怎麼文雅的說自己去拉屎？,Wed Jul 10 09:08:48 2019,yuukiyuna (二乃是王三玖是后),39.12.68.59,https://www.ptt.cc/bbs/Gossiping/M.1562720937.A.534.html,152,14,42
431,1T9Js2KI,[新聞] 快訊／遇警方圍補還擊　通緝犯遭擊斃,Wed Jul 10 09:21:03 2019,SakuraYui (櫻花蝦),211.20.234.104,https://www.ptt.cc/bbs/Gossiping/M.1562721666.A.512.html,166,25,72
432,1T9KKDE9,[新聞] 打臉質疑者 蔡英文首度開箱倫敦政經學院,Wed Jul 10 09:53:14 2019,Anddyliu (安滴滴),118.163.37.91,https://www.ptt.cc/bbs/Gossiping/M.1562723597.A.389.html,154,32,179
433,1T9KONuQ,[新聞] 親民黨想讓柯披橘袍？柯文哲：不要逼我想,Wed Jul 10 09:57:40 2019,excell (Soft On Demand),58.114.121.79,https://www.ptt.cc/bbs/Gossiping/M.1562723863.A.E1A.html,190,57,207
434,1T9KwncN,[新聞] 玉井開槍襲警嫌清晨拒捕 遭警當場擊斃,Wed Jul 10 10:34:22 2019,kivan00 (Kivan),114.46.213.15,https://www.ptt.cc/bbs/Gossiping/M.1562726065.A.997.html,252,11,78
435,1T9Kx3cN,[爆卦] 工會澄清記者會直播,Wed Jul 10 10:34:41 2019,notepad67 (甄姬拔劍),60.250.48.112,https://www.ptt.cc/bbs/Gossiping/M.1562726083.A.997.html,207,28,115
436,1T9LLjdT,[問卦] “你來自哪國家？”大家都會怎麼回答？,Wed Jul 10 11:03:07 2019,showgo (goboy),101.10.13.64,https://www.ptt.cc/bbs/Gossiping/M.1562727789.A.9DD.html,758,42,498
437,1T9LQYOs,[新聞] 閃婚1月爆有喜？林志玲「小腹隆起」照曝,Wed Jul 10 11:08:11 2019,pautaid (芝麻包),61.228.48.169,https://www.ptt.cc/bbs/Gossiping/M.1562728098.A.636.html,174,21,107
438,1T9M3IFQ,Re: [問卦] 都買阿帕契了，還買M1A2幹嗎?,Wed Jul 10 11:51:41 2019,crossmyheart (我發誓),59.120.20.144,https://www.ptt.cc/bbs/Gossiping/M.1562730706.A.3DA.html,139,3,116
439,1T9M7syR,[新聞] 川普4度對台軍售 國務院回應中國：一中政,Wed Jul 10 11:56:36 2019,ohohohya (安安你好我草泥馬),118.163.30.51,https://www.ptt.cc/bbs/Gossiping/M.1562730998.A.F1B.html,311,11,292
440,1T9MDHKp,[問卦] 等等要搭長榮，要注意什麼？,Wed Jul 10 12:02:23 2019,GGMu (優文產生器),36.229.163.156,https://www.ptt.cc/bbs/Gossiping/M.1562731345.A.533.html,210,21,111
441,1T9MEW43,[新聞] 批完郭台銘 朱立倫：韓國瑜65歲國家養也,Wed Jul 10 12:03:42 2019,worldjournal (worldjournal),210.242.233.35,https://www.ptt.cc/bbs/Gossiping/M.1562731424.A.103.html,185,16,118
442,1T9MU8T_,[新聞] 賣不贏就黑爆你！日本賣家控中國同業惡意,Wed Jul 10 12:20:21 2019,Jpswd (我一定要跟你混得更熟!),114.32.21.194,https://www.ptt.cc/bbs/Gossiping/M.1562732424.A.77F.html,172,12,60
443,1T9MnxQK,[新聞] 韓粉集體霸凌18歲妹！她淚打805字反擊：,Wed Jul 10 12:41:25 2019,bf000777966 (joe),218.166.71.140,https://www.ptt.cc/bbs/Gossiping/M.1562733691.A.694.html,332,30,132
444,1T9NG5Uh,[新聞] 惡搞蘇貞昌追悼殉職警現場丟筆 警速逮造,Wed Jul 10 13:13:36 2019,DamnIAmSucks (           ),220.130.243.193,https://www.ptt.cc/bbs/Gossiping/M.1562735621.A.7AB.html,623,74,239
445,1T9NKKxj,[新聞] 南韓喊話撤銷電子原料出口限制 日：完全,Wed Jul 10 13:18:08 2019,choco7 (小幸超可愛),118.163.125.213,https://www.ptt.cc/bbs/Gossiping/M.1562735892.A.EED.html,154,4,77
446,1T9Na8It,[新聞] 自租宅曝光！　韓國瑜親自回應：就是個,Wed Jul 10 13:35:00 2019,lovea (lovea),36.234.203.105,https://www.ptt.cc/bbs/Gossiping/M.1562736904.A.4B7.html,192,58,112
447,1T9NhTga,[爆卦] kodomo的鄉民要被查水表了,Wed Jul 10 13:42:50 2019,GyroCompass (    ),1.168.63.171,https://www.ptt.cc/bbs/Gossiping/M.1562737373.A.AA4.html,516,79,256
448,1T9O3bv2,[新聞] 蘇貞昌殉職警告別式丟筆？造謠韓粉抓到了,Wed Jul 10 14:08:35 2019,BrownNoser (BrownNoser),1.34.1.60,https://www.ptt.cc/bbs/Gossiping/M.1562738917.A.E42.html,190,18,65
449,1T9OMWVi,[新聞] 蔡總統過境紐約有突破！將於哥大演講並?1,Wed Jul 10 14:28:46 2019,zzzzzzzzz (我醉欲眠卿可去),49.216.3.5,https://www.ptt.cc/bbs/Gossiping/M.1562740128.A.7EC.html,273,37,84
450,1T9ORaHM,[問卦] 中國長沙那邊淹水怎麼都沒新聞在報,Wed Jul 10 14:34:10 2019,ayasesayuki (綾瀨紗雪),111.71.214.250,https://www.ptt.cc/bbs/Gossiping/M.1562740452.A.456.html,270,20,132
451,1T9PScoq,[新聞] 國民黨民調電話打2天 周偉航：結果出來了,Wed Jul 10 15:43:32 2019,perec (穿越星空與你相遇),150.116.28.193,https://www.ptt.cc/bbs/Gossiping/M.1562744614.A.CB4.html,221,21,237
452,1T9PbNQM,[新聞] 黑人大樓等朋友…白男打電話報警　幼童,Wed Jul 10 15:52:51 2019,BLACKLIONS (無限期支持陳致遠),123.0.194.119,https://www.ptt.cc/bbs/Gossiping/M.1562745175.A.696.html,189,30,156
453,1T9Q0jWv,[新聞] 「絕不相信」民調輸韓8％　郭台銘轟黨中,Wed Jul 10 16:22:02 2019,TaiwanKMT (國民台灣黨),49.217.226.46,https://www.ptt.cc/bbs/Gossiping/M.1562746925.A.839.html,453,43,291
454,1T9QDNXB,[新聞] 不再忍了！韓粉辱罵「看妳吠到何時」,Wed Jul 10 16:35:32 2019,leon105 (@@),220.132.62.62,https://www.ptt.cc/bbs/Gossiping/M.1562747735.A.84B.html,210,16,102
455,1T9QyWuZ,"[新聞] 吳  蕚
洋白色聯盟成立 點名韓國瑜柯文哲政",Wed Jul 10 17:25:48 2019,xamous (一天死去一點),114.32.69.108,https://www.ptt.cc/bbs/Gossiping/M.1562750752.A.E23.html,282,50,134
456,1T9Q-HLi,Re: [新聞] 「絕不相信」民調輸韓8％　郭台銘轟黨中,Wed Jul 10 17:27:43 2019,kiki2125 (噬謊者),111.184.21.36,https://www.ptt.cc/bbs/Gossiping/M.1562750865.A.56C.html,195,13,43
457,1T9R6NoX,[爆卦] LAMIGO球團臉書聲明,Wed Jul 10 17:36:21 2019,sqark912 (大野狼),117.56.55.45,https://www.ptt.cc/bbs/Gossiping/M.1562751383.A.CA1.html,160,9,73
458,1T9RMaXo,[新聞] 韓粉工程師造謠被逮　韓國瑜：OK，然後呢,Wed Jul 10 17:53:36 2019,uwobu (劫貧濟富),61.228.48.233,https://www.ptt.cc/bbs/Gossiping/M.1562752420.A.872.html,298,58,152
459,1T9RW727,[問卦] 想看金庸建議從哪部入坑,Wed Jul 10 18:03:47 2019,asd097287 (Garlic),180.204.44.13,https://www.ptt.cc/bbs/Gossiping/M.1562753031.A.087.html,146,10,73
460,1T9RZ4aU,[爆卦] 央視推「郭柯配」,Wed Jul 10 18:06:58 2019,EpicCrap (EpicCrap),118.163.219.142,https://www.ptt.cc/bbs/Gossiping/M.1562753220.A.91E.html,374,56,355
461,1T9RdBFL,[新聞] 不想看到韓國瑜？台灣駭客開發Chrome套件,Wed Jul 10 18:11:18 2019,twoquarters (半個比爾),61.31.168.203,https://www.ptt.cc/bbs/Gossiping/M.1562753483.A.3D5.html,178,4,48
462,1T9RkUUm,Re: [問卦] 家庭月收入超過十萬是捨摸感覺？,Wed Jul 10 18:19:08 2019,YaDianNa (小雅),220.136.124.120,https://www.ptt.cc/bbs/Gossiping/M.1562753950.A.7B0.html,168,25,30
463,1T9RyTb3,[新聞] 剛考到駕照！女騎士加油未熄火　疑「誤,Wed Jul 10 18:34:02 2019,darkbrigher (暗行者),111.242.4.230,https://www.ptt.cc/bbs/Gossiping/M.1562754845.A.943.html,133,12,63
464,1T9R_n4L,[新聞] 阿聯酋富豪擬拖南極冰山回國 解決水荒問題,Wed Jul 10 18:36:18 2019,Triceratops (Jurassic),36.228.10.128,https://www.ptt.cc/bbs/Gossiping/M.1562755057.A.115.html,183,25,81
465,1T9UABiC,Re: [新聞] 柯文哲:不得已才當市長 當總統是更不得已,Wed Jul 10 21:05:13 2019,IamYourDaddy (賢者恁老杯),111.184.97.109,https://www.ptt.cc/bbs/Gossiping/M.1562763915.A.B0C.html,660,196,425
466,1T9V1oZW,[爆卦] UberEats重熙老麵，食物中毒事件--該由誰負責?,Wed Jul 10 22:04:32 2019,honestfairy (誠實小精靈),111.249.4.72,https://www.ptt.cc/bbs/Gossiping/M.1562767474.A.8E0.html,247,9,245
467,1T9VO3qb,[爆卦] 所以澄清湖到底是有味全還是沒有？,Wed Jul 10 22:28:17 2019,king665714 (花生嬸魔術),111.71.69.66,https://www.ptt.cc/bbs/Gossiping/M.1562768899.A.D25.html,125,9,45
468,1T9W9DvY,Re: [新聞] 罕見！深海鯊搶吃死劍魚 被大石斑埋伏生吞,Wed Jul 10 23:20:38 2019,rrr518 (小籠包獵人),223.138.106.76,https://www.ptt.cc/bbs/Gossiping/M.1562772045.A.E62.html,569,0,37
469,1T9Wvz0a,Re: [問卦] George and Mary 現金卡害了多少人？,Thu Jul 11 00:12:43 2019,free5566 (自由的56),49.159.167.2,https://www.ptt.cc/bbs/Gossiping/M.1562775165.A.024.html,475,12,180
470,1T9X2tTW,[新聞] 懲處將出爐！長榮討論郭芷嫣最後去留,Thu Jul 11 00:22:12 2019,Waitaha (哈囉哈囉),36.231.165.100,https://www.ptt.cc/bbs/Gossiping/M.1562775735.A.760.html,168,14,164
471,1T9XO6i9,,,gungu,219.84.181.198,https://www.ptt.cc/bbs/Gossiping/M.1562777094.A.B09.html,253,9,61
472,1T9Z2Yrd,Re: [新聞] 《工輔法》三讀守住落日條款，農地違章工,Thu Jul 11 02:38:24 2019,kaky (菩提本無樹明鏡亦非台),61.221.169.122,https://www.ptt.cc/bbs/Gossiping/M.1562783906.A.D67.html,202,23,272
473,1T9cRv1k,"[新聞] 吳  蕚
洋點名韓、柯 別當政治跳蚤",Thu Jul 11 06:30:14 2019,tsukiji (大司壽),36.231.71.63,https://www.ptt.cc/bbs/Gossiping/M.1562797817.A.06E.html,140,20,60
474,1T9coQvE,[新聞] 罷免盧秀燕 臉書社團相繼發起,Thu Jul 11 06:54:16 2019,shiaubai (小白),49.159.74.177,https://www.ptt.cc/bbs/Gossiping/M.1562799258.A.E4E.html,173,31,168
475,1T9cyOAD,[問卦] 正妹der房間484都粉亂? o'_'o,Thu Jul 11 07:04:53 2019,gaiaesque (一起來聽techno八 o'_'o),1.173.27.161,https://www.ptt.cc/bbs/Gossiping/M.1562799896.A.28D.html,273,15,79
476,1T9efpwK,[新聞] 空服員「內鬼」外流群組對話？律師：資方,Thu Jul 11 09:01:37 2019,kivan00 (Kivan),114.46.193.103,https://www.ptt.cc/bbs/Gossiping/M.1562806899.A.E94.html,203,77,202
477,1T9fOoUa,[問卦] 為什麼當年台菜二世祖能唬到那麼多人??,Thu Jul 11 09:51:43 2019,Tiiek (沒有啦),118.161.59.28,https://www.ptt.cc/bbs/Gossiping/M.1562809906.A.7A4.html,233,18,212
478,1T9furXj,[新聞] 18歲女遭嗆「應召的」落淚失眠 一封信轉,Thu Jul 11 10:25:55 2019,chun0303 (chun),111.71.110.199,https://www.ptt.cc/bbs/Gossiping/M.1562811957.A.86D.html,507,26,213
479,1T9fwrTw,[新聞] 往女孩臉上潑熱湯　中國老夫婦在加拿大,Thu Jul 11 10:28:00 2019,crashonU (crazy),203.69.34.209,https://www.ptt.cc/bbs/Gossiping/M.1562812085.A.77A.html,164,20,90
480,1T9g4Dm2,[新聞] 快訊／李榮浩求婚楊丞琳成功！　臉貼臉,Thu Jul 11 10:38:03 2019,DDDDRR (QQ),114.137.55.75,https://www.ptt.cc/bbs/Gossiping/M.1562812685.A.C02.html,169,32,92
481,1T9gHtXr,Fw: [新聞] 【紅色滲透】23家網媒同步批蔡 全都抄中,Thu Jul 11 10:52:38 2019,morgen (哇哈哈),150.117.105.232,https://www.ptt.cc/bbs/Gossiping/M.1562813559.A.875.html,401,40,198
482,1T9gaPID,[新聞] 要告韓粉了！女學生遭嗆「應召的」　收霸,Thu Jul 11 11:12:21 2019,gn01765288 (金庸),1.200.219.118,https://www.ptt.cc/bbs/Gossiping/M.1562814745.A.48D.html,340,14,114
483,1T9ghCtZ,[爆卦] 亞泥展限案判決出爐！,Thu Jul 11 11:19:36 2019,kuninaka (),61.218.250.128,https://www.ptt.cc/bbs/Gossiping/M.1562815180.A.DE3.html,302,17,91
484,1T9gigbq,[新聞] 2020大選 朱立倫：挺蔡英文變成美國既定,Thu Jul 11 11:21:11 2019,Rrrxddd (厭世RR),126.35.215.170,https://www.ptt.cc/bbs/Gossiping/M.1562815274.A.974.html,318,26,177
485,1T9h2JWs,[新聞] 賺的錢都拿來鋪路！水果攤老闆驟逝存摺,Thu Jul 11 11:44:17 2019,seibu (難過),114.40.114.82,https://www.ptt.cc/bbs/Gossiping/M.1562816659.A.836.html,983,19,148
486,1T9hGY1y,Re: [新聞] 美售台地表最強M1A2T戰車 5大看點,Thu Jul 11 11:59:27 2019,Mazda6680 (SEALs),114.47.107.243,https://www.ptt.cc/bbs/Gossiping/M.1562817570.A.07C.html,192,5,81
487,1T9hq4eK,Re: [新聞] 傳時力切割 柯文哲：個人意見不代表全黨,Thu Jul 11 12:37:22 2019,hbman (),61.219.164.86,https://www.ptt.cc/bbs/Gossiping/M.1562819844.A.A14.html,401,138,307
488,1T9hs-FS,[新聞] 憲哥喊下月定居大陸？,Thu Jul 11 12:40:22 2019,holiybo (米羅),114.35.252.29,https://www.ptt.cc/bbs/Gossiping/M.1562820030.A.3DC.html,304,29,110
489,1T9iYbm7,[新聞] 長榮航空人評會 決議開除郭芷嫣,Thu Jul 11 13:26:59 2019,steward135 (逆風高飛),42.72.126.7,https://www.ptt.cc/bbs/Gossiping/M.1562822821.A.C07.html,1084,85,567
490,1T9ikH0z,[新聞] 快訊／郭芷嫣放話「加料」懲處出爐　長榮,Thu Jul 11 13:39:26 2019,xuein (浮雲上的貓),223.136.120.129,https://www.ptt.cc/bbs/Gossiping/M.1562823569.A.03D.html,180,16,109
491,1T9isz0w,[新聞] 朱嗆柯出來選僅第三名 柯反酸:那你第幾名,Thu Jul 11 13:48:42 2019,Moonlander (Moon),39.10.135.197,https://www.ptt.cc/bbs/Gossiping/M.1562824125.A.03A.html,185,23,120
492,1T9i_zPS,Re: [新聞] 自比「唐三藏」？ 韓國瑜動怒：我沒說過,Thu Jul 11 13:58:18 2019,btm978952 (感冒用斯斯),49.219.172.150,https://www.ptt.cc/bbs/Gossiping/M.1562824701.A.65C.html,195,16,79
493,1T9jN_4w,[新聞] 郭台銘落淚又動怒 朱勸消氣「初選有何好,Thu Jul 11 14:23:54 2019,befly10015 (befly),111.254.168.42,https://www.ptt.cc/bbs/Gossiping/M.1562826239.A.13A.html,166,16,137
494,1T9jaItX,Re: [問卦] 郭芷嫣會不會找不到工作,Thu Jul 11 14:37:04 2019,foog19960628 (ming0107),110.50.140.3,https://www.ptt.cc/bbs/Gossiping/M.1562827026.A.DE1.html,375,28,50
495,1T9kGRFF,Re: [問卦] George and Mary 現金卡害了多少人？,Thu Jul 11 15:24:09 2019,free5566 (自由的56),114.32.1.4,https://www.ptt.cc/bbs/Gossiping/M.1562829851.A.3CF.html,1466,28,255
496,1T9kIOp7,[新聞] 涉收賄1717萬替建商關說 新北4連霸議員被,Thu Jul 11 15:26:13 2019,lamigo (lamigo),61.228.199.107,https://www.ptt.cc/bbs/Gossiping/M.1562829976.A.CC7.html,354,35,148
497,1T9krdZB,[新聞] 邱顯智不認同兩岸一家親 要柯文哲說清楚,Thu Jul 11 16:03:48 2019,EpicCrap (EpicCrap),118.163.219.142,https://www.ptt.cc/bbs/Gossiping/M.1562832231.A.8CB.html,190,71,131
498,1T9lP6MW,[問卦] 寵物蛇該取什麼名比較好?,Thu Jul 11 16:41:40 2019,sharkman (DaIngGinChenWoo),140.118.145.67,https://www.ptt.cc/bbs/Gossiping/M.1562834502.A.5A0.html,213,15,82
499,1T9lS092,[新聞] 美售台4軍備 地面防衛、防空、反裝甲一,Thu Jul 11 16:44:45 2019,joug (好東西不簽嗎),36.233.61.231,https://www.ptt.cc/bbs/Gossiping/M.1562834688.A.242.html,158,5,47
500,1T9m4pN9,[爆卦] 韓國瑜，韓粉line群傳遞著惡意消息,Thu Jul 11 17:28:17 2019,sophiapin (Sophiiiii),101.12.213.251,https://www.ptt.cc/bbs/Gossiping/M.1562837299.A.5C9.html,426,69,170
501,1T9mIUmJ,[新聞] 立法院前秘書長林錫山 貪汙判刑36年定讞,Thu Jul 11 17:42:51 2019,twdvdr (風中的一粒沙),36.224.226.105,https://www.ptt.cc/bbs/Gossiping/M.1562838174.A.C13.html,175,18,65
502,1T9mMWrn,Re: [新聞] 7千輛oBike淪廢鐵拍賣　呆帳1800萬恐全民,Thu Jul 11 17:47:10 2019,liquidbox (樹枝擺擺),114.24.7.198,https://www.ptt.cc/bbs/Gossiping/M.1562838432.A.D71.html,250,79,528
503,1T9mycZF,[問卦] 進來測試你是不是老人,Thu Jul 11 18:27:48 2019,meisgod (瞇斯尬),118.232.109.149,https://www.ptt.cc/bbs/Gossiping/M.1562840870.A.8CF.html,325,14,119
504,1T9n04Gq,[新聞] 韓粉嗆包圍黨部 韓國瑜：非常嚇人不要過,Thu Jul 11 18:31:29 2019,LoveMakeLove (愛がすべて),114.32.242.194,https://www.ptt.cc/bbs/Gossiping/M.1562841092.A.434.html,136,19,73
505,1T9nZZRU,[新聞] 郭姓空服員違規重大免職 長榮：持續追訴,Thu Jul 11 19:09:20 2019,a828203 (),114.42.120.147,https://www.ptt.cc/bbs/Gossiping/M.1562843363.A.6DE.html,478,76,549
506,1T9n_oM7,Re: [問卦] 大家都怎麼保護自己的ptt帳號,Thu Jul 11 19:39:11 2019,wuyiulin (機掰客家人),114.47.160.155,https://www.ptt.cc/bbs/Gossiping/M.1562845170.A.587.html,138,9,23
507,1T9o4xaC,Re: [新聞] 【紅色滲透】23家網媒同步批蔡 全都抄中,Thu Jul 11 19:44:50 2019,billy3321 (雨蒼),168.95.192.11,https://www.ptt.cc/bbs/Gossiping/M.1562845499.A.90C.html,328,10,65
508,1T9p3C_Z,[新聞] 傻眼！勝利夜店案大逆轉　警長：查無性侵,Thu Jul 11 20:51:21 2019,qaz630210 (皓),122.117.66.245,https://www.ptt.cc/bbs/Gossiping/M.1562849484.A.FE3.html,164,14,73
509,1T9pXAow,[問卦] 台灣違停是不是沒救了,Thu Jul 11 21:23:20 2019,lianpig5566 (家庭教師殺手里包恩),27.246.109.213,https://www.ptt.cc/bbs/Gossiping/M.1562851402.A.CBA.html,152,16,222
510,1T9peDHB,[新聞] 北市通過大彎北「就地合法」 學者嘆：,Thu Jul 11 21:30:50 2019,losel (),111.250.0.41,https://www.ptt.cc/bbs/Gossiping/M.1562851853.A.44B.html,495,140,616
511,1T9prs7T,Re: [問卦] 原來joeman也是某黑??,Thu Jul 11 21:45:24 2019,"astrayzip                                              看板  Gossiping 
 標題  Re: [問卦] 原來joeman也是某黑??                                        
 時間  Thu Jul 11 21:45:24 2019                                               
───────────────────────────────────────

說到九面人

還是不得不提一下新細明體事件吧

https://i.imgur.com/4tnrhWq.jpg


台灣的字型廠商的授權一直都是要付錢

像是你在路上看到的招牌

電影公司的海報

報章雜誌上的藝術字體

這些都是有正當付錢給字型公司的


  瀏覽 第 1 頁 (  0%)",36.229.95.6,https://www.ptt.cc/bbs/Gossiping/M.1562852726.A.1DD.html,329,51,152
512,1T9qIxkC,[新聞] 黑鏡翻版？中國 社會信用評分 劃階,Thu Jul 11 22:16:24 2019,mk5520 (專業半桶師),27.52.133.6,https://www.ptt.cc/bbs/Gossiping/M.1562854587.A.B8C.html,125,4,73
513,1T9qgVxl,[問卦] 慶祝發文滿三百篇發錢喇,Thu Jul 11 22:41:33 2019,lee457088 (),1.163.9.31,https://www.ptt.cc/bbs/Gossiping/M.1562856095.A.EEF.html,131,1,13
514,1T9qnE-F,Re: [新聞] 7千輛oBike淪廢鐵拍賣　呆帳1800萬恐全民,Thu Jul 11 22:48:44 2019,RandyXiao (RandyXiao),101.12.132.49,https://www.ptt.cc/bbs/Gossiping/M.1562856526.A.F8F.html,270,157,161
515,1T9qtbqq,[問卦] 貓貓要過世了,Thu Jul 11 22:55:31 2019,SexyGirls155 (小隻馬ですね～  ♥  ),49.216.0.161,https://www.ptt.cc/bbs/Gossiping/M.1562856933.A.D34.html,496,72,490
516,1T9qyUEh,[爆卦] 台灣超越南韓成全球最大半導體設備市場,Thu Jul 11 23:00:43 2019,taotzu (╮(╯▽╰),101.137.55.79,https://www.ptt.cc/bbs/Gossiping/M.1562857246.A.3AB.html,164,1,58
517,1T9r0W41,Fw: [檢舉] 超過五個帳號 R2,Thu Jul 11 23:05:03 2019,whiteadam (blue eyes blue),101.136.56.14,https://www.ptt.cc/bbs/Gossiping/M.1562857504.A.101.html,167,4,80
518,1T9rKUOZ,Re: [新聞] 雞排妹上街晃32E美胸 沒穿內衣這樣做,Thu Jul 11 23:26:20 2019,womantalk (女孩版公告專用帳號),123.195.193.239,https://www.ptt.cc/bbs/Gossiping/M.1562858782.A.623.html,374,46,50
519,1T9rSYvv,"[爆卦] 人在中國  丢
個垃圾也要照臉評分！",Thu Jul 11 23:34:56 2019,Paul0225 (thanks),1.200.209.217,https://www.ptt.cc/bbs/Gossiping/M.1562859298.A.E79.html,198,22,101
520,1T9tSiGj,Re: [新聞] 柯文哲：600萬人遭屠殺是猶太人最大宣傳,Fri Jul 12 01:51:38 2019,octobird (雲煙),1.165.113.172,https://www.ptt.cc/bbs/Gossiping/M.1562867500.A.42D.html,337,15,152
521,1T9uB3ZP,Re: [問卦] 八卦版是不是已經被央糞徹底搞爛了,Fri Jul 12 02:41:05 2019,doratofu (綠豆),5.151.93.202,https://www.ptt.cc/bbs/Gossiping/M.1562870467.A.8D9.html,474,135,587
522,1T9xScZI,[新聞] 時力將祭「禁柯令」 柯︰1人不等於1黨,Fri Jul 12 06:24:36 2019,shiaubai (小白),49.159.74.177,https://www.ptt.cc/bbs/Gossiping/M.1562883878.A.8D2.html,143,27,152
523,1T9yIp6g,[新聞]郭台銘再嗆!國民黨發不出薪水誰在借他們錢,Fri Jul 12 07:22:25 2019,linhu8883324 (SirLinhu),175.181.225.64,https://www.ptt.cc/bbs/Gossiping/M.1562887347.A.1AA.html,337,93,289
524,1T9yX0za,[問卦] 如果要用一個字總結長榮罷工 ？,Fri Jul 12 07:37:34 2019,dearbarry (莫言悲),111.82.229.74,https://www.ptt.cc/bbs/Gossiping/M.1562888256.A.F64.html,196,13,53
525,1T9yqR75,[新聞] 男借錢不成勒死女友！女被棄屍摩鐵　存,Fri Jul 12 07:58:17 2019,Aruka0924 (Aruka),87.101.92.18,https://www.ptt.cc/bbs/Gossiping/M.1562889499.A.1C5.html,152,37,67
526,1T9y_C-0,[新聞] 航照圖曝「豪華農舍」演化　買地後農舍,Fri Jul 12 08:09:44 2019,davidex (玉藻前我的),111.240.184.26,https://www.ptt.cc/bbs/Gossiping/M.1562890188.A.F80.html,183,17,94
527,1T9zYHyH,[新聞] 外交突破總統於紐約辦事處會見友邦聯合國,Fri Jul 12 08:47:08 2019,JPGstar (),140.112.101.44,https://www.ptt.cc/bbs/Gossiping/M.1562892433.A.F11.html,380,56,137
528,1T9-TELl,[新聞] 蔡英文總統抵達紐約 AIT主席莫健接機,Fri Jul 12 09:50:04 2019,popoallan (),61.228.186.5,https://www.ptt.cc/bbs/Gossiping/M.1562896206.A.56F.html,260,43,75
529,1T9-iet5,[問卦] 30歲小奶正妹 vs. 20歲大奶普妹 o'_'o,Fri Jul 12 10:06:30 2019,gaiaesque (一起來聽techno八 o'_'o),1.173.23.13,https://www.ptt.cc/bbs/Gossiping/M.1562897192.A.DC5.html,371,57,105
530,1T9-ja6_,[新聞] 不排除脫黨參選？郭台銘：周一看到數字再,Fri Jul 12 10:07:29 2019,conindo (衝衝充滿),36.231.73.207,https://www.ptt.cc/bbs/Gossiping/M.1562897252.A.1BF.html,258,17,152
531,1T9-m9zB,[爆卦] 截至7/12刪除帳號統計,Fri Jul 12 10:10:14 2019,mattiswe098 (),118.163.247.142,https://www.ptt.cc/bbs/Gossiping/M.1562897417.A.F4B.html,264,15,184
532,1T9_TICO,[新聞] 蔡英文秀國旗徽章 反問郭台銘：我現在戴,Fri Jul 12 10:58:24 2019,cnotyes (千雪),114.137.224.119,https://www.ptt.cc/bbs/Gossiping/M.1562900306.A.318.html,192,33,97
533,1T9_copB,[新聞] 少子化加劇 上半年新生兒僅8.5萬,Fri Jul 12 11:08:32 2019,ANDORLESS (人生就是不斷地跌倒),114.41.12.169,https://www.ptt.cc/bbs/Gossiping/M.1562900914.A.CCB.html,216,34,203
534,1TA0dX4e,[爆卦] 央視呼籲國民黨要團結 淺藍轉支持柯,Fri Jul 12 12:17:32 2019,EpicCrap (EpicCrap),118.163.219.142,https://www.ptt.cc/bbs/Gossiping/M.1562905057.A.128.html,231,28,150
535,1TA0gO06,[新聞] Line訊息聲被嫌吵 速食店讀書客要求調靜,Fri Jul 12 12:20:37 2019,kivan00 (Kivan),114.46.193.103,https://www.ptt.cc/bbs/Gossiping/M.1562905240.A.006.html,360,138,359
536,1TA0o_tg,[新聞] 獨家》軍方換裝新型火砲 敲定近300億元,Fri Jul 12 12:29:49 2019,asuka99 (Asuka),101.12.1.37,https://www.ptt.cc/bbs/Gossiping/M.1562905791.A.DEA.html,263,9,123
537,1TA0pukT,Re: [問卦] George and Mary 現金卡害了多少人？,Fri Jul 12 12:30:46 2019,free5566 (自由的56),114.32.1.4,https://www.ptt.cc/bbs/Gossiping/M.1562905848.A.B9D.html,406,0,60
538,1TA17TNs,[新聞] 蔡英文出訪過境紐約 秀國旗徽章嗆郭台銘,Fri Jul 12 12:51:39 2019,v99999 (95至尊),42.72.165.5,https://www.ptt.cc/bbs/Gossiping/M.1562907101.A.5F6.html,214,22,88
539,1TA1XrMU,[新聞] 蔡英文過境紐約 酒店外一親共人士打人被捕,Fri Jul 12 13:19:23 2019,Yirgacheffe (イルガチェッフェ),36.228.40.80,https://www.ptt.cc/bbs/Gossiping/M.1562908789.A.59E.html,159,13,62
540,1TA1jPdv,[新聞] 柯文哲談新潮流：不見得一竿子打翻一條船,Fri Jul 12 13:32:07 2019,BrownNoser (BrownNoser),1.34.1.60,https://www.ptt.cc/bbs/Gossiping/M.1562909529.A.9F9.html,393,101,344
541,1TA2Fl8K,[新聞]長榮憑什麼開除郭芷嫣？眾人氣炸「先把內,Fri Jul 12 14:08:45 2019,yang46cf (當笨蛋比較好),122.118.8.131,https://www.ptt.cc/bbs/Gossiping/M.1562911727.A.214.html,193,58,129
542,1TA2Me1U,Re: [新聞] 柯文哲談新潮流：不見得一竿子打翻一條船,Fri Jul 12 14:16:06 2019,navicrops (Mithril),122.117.206.137,https://www.ptt.cc/bbs/Gossiping/M.1562912168.A.05E.html,186,17,172
543,1TA2h8Xj,Re: [新聞] 柯文哲談新潮流：不見得一竿子打翻一條船,Fri Jul 12 14:37:40 2019,Anddyliu (安滴滴),118.166.130.234,https://www.ptt.cc/bbs/Gossiping/M.1562913480.A.86D.html,165,24,84
544,1TA2mA9J,Re: [檢舉] 超過五個帳號 R3,Fri Jul 12 14:43:14 2019,IloveBlack2 (我愛花媽花媽愛我),103.227.42.8,https://www.ptt.cc/bbs/Gossiping/M.1562913802.A.253.html,148,13,83
545,1TA2vXpC,Re: [新聞] 大彎北商業宅就地合法公平嗎？柯文哲：大,Fri Jul 12 14:53:17 2019,Mulice0926 (柴柴),122.146.248.205,https://www.ptt.cc/bbs/Gossiping/M.1562914401.A.CCC.html,314,55,96
546,1TA33GT0,[新聞] 川普指中國失信 G20後沒買美農產品,Fri Jul 12 15:03:36 2019,am712 (EC),36.226.46.107,https://www.ptt.cc/bbs/Gossiping/M.1562915024.A.740.html,207,11,137
547,1TA3H7Q6,Re: [新聞] Line訊息聲被嫌吵 速食店讀書客要求調靜,Fri Jul 12 15:18:28 2019,emailcool (emailcool),42.72.144.248,https://www.ptt.cc/bbs/Gossiping/M.1562915911.A.686.html,174,1,11
548,1TA3WBQw,Re: [檢舉] 超過五個帳號 R3,Fri Jul 12 15:34:33 2019,ceaserman (神采飛揚),61.221.50.94,https://www.ptt.cc/bbs/Gossiping/M.1562916875.A.6BA.html,303,90,199
549,1TA3ZDww,[新聞] 蔡英文出訪延長過境美國 外媒：獲川普支,Fri Jul 12 15:37:44 2019,eeth (韓國綜藝社),27.247.2.188,https://www.ptt.cc/bbs/Gossiping/M.1562917069.A.EBA.html,154,13,41
550,1TA3dg5S,[新聞] 郭台銘喊「大哥拜託你!」 蕭裔芬:他瘋了,Fri Jul 12 15:42:32 2019,w09351500 (),114.136.79.46,https://www.ptt.cc/bbs/Gossiping/M.1562917354.A.15C.html,309,32,230
551,1TA3_Fk1,[問卦] 「改變成真 持續發生」台北什麼改變了？,Fri Jul 12 16:07:41 2019,jerrysuper (super),42.73.3.38,https://www.ptt.cc/bbs/Gossiping/M.1562918863.A.B81.html,571,176,533
552,1TA3_oC_,[新聞] 黨產會稱「美軍售688億等於已處分黨產金,Fri Jul 12 16:08:15 2019,joug (好東西不簽嗎),36.233.61.231,https://www.ptt.cc/bbs/Gossiping/M.1562918898.A.33F.html,189,28,80
553,1TA49GvF,[爆卦] 台灣半導體設備市場贏南韓 5ch:台灣最高,Fri Jul 12 16:18:21 2019,taotzu (╮(╯▽╰),114.38.244.143,https://www.ptt.cc/bbs/Gossiping/M.1562919504.A.E4F.html,312,11,206
554,1TA4aMPr,[新聞] 手機偷拍短褲妙齡女　賣場民眾合力揪狼,Fri Jul 12 16:47:16 2019,kuitiiq (能耐),180.217.235.93,https://www.ptt.cc/bbs/Gossiping/M.1562921238.A.675.html,237,23,95
555,1TA4lXgD,[新聞] 韓國瑜走向「五殺」局面？藍營人士指支持,Fri Jul 12 16:59:10 2019,excell (Soft On Demand),58.114.121.79,https://www.ptt.cc/bbs/Gossiping/M.1562921953.A.A8D.html,269,45,156
556,1TA5MsWt,[新聞] 送中條例壽終正寢 換社會信用評分登場,Fri Jul 12 17:41:07 2019,sunbysea (忠言逆耳良藥苦口),42.75.152.21,https://www.ptt.cc/bbs/Gossiping/M.1562924470.A.837.html,136,4,39
557,1TA5cxm3,[新聞] 綠灌票奏效？打趴藍綠白群雄　韓國瑜最新,Fri Jul 12 17:58:17 2019,hello456 (好無聊......),220.132.62.62,https://www.ptt.cc/bbs/Gossiping/M.1562925499.A.C03.html,416,57,427
558,1TA5-USF,[新聞] 郭台銘「大哥拜託你」名嘴酸「難道遇上,Fri Jul 12 18:23:24 2019,milk7045 (),223.137.54.164,https://www.ptt.cc/bbs/Gossiping/M.1562927006.A.70F.html,140,12,90
559,1TA6GmgB,[新聞] 蔡總統過境美國層級提升 中國外交部怒提,Fri Jul 12 18:42:54 2019,KouChouChing (20分鐘),122.121.234.48,https://www.ptt.cc/bbs/Gossiping/M.1562928176.A.A8B.html,322,20,119
560,1TA6OT6i,[新聞]潮牌老闆跳溪救2姪女！用盡全力把人推向,Fri Jul 12 18:51:07 2019,dozier (dozier),1.161.4.183,https://www.ptt.cc/bbs/Gossiping/M.1562928669.A.1AC.html,191,9,51
561,1TA6yqQc,Re: [檢舉] 超過五個帳號,Fri Jul 12 19:29:54 2019,MoriiKaho (牡羊座女孩),58.114.25.142,https://www.ptt.cc/bbs/Gossiping/M.1562930996.A.6A6.html,114,3,78
562,1TA6zivf,[新聞] 17友邦代表到齊！外媒關注總統紐約外交突破,Fri Jul 12 19:30:49 2019,HomeTogether (人在歸途),199.241.123.17,https://www.ptt.cc/bbs/Gossiping/M.1562931052.A.E69.html,201,10,89
563,1TA7Dj8p,[新聞] 控美違反國際準則 北京宣布制裁對台軍售,Fri Jul 12 19:47:50 2019,njnjy (站長),36.233.207.175,https://www.ptt.cc/bbs/Gossiping/M.1562932077.A.233.html,624,66,309
564,1TA7OYbP,[新聞] 張國煒換照成功　10月親駕星宇A321neo回,Fri Jul 12 19:59:28 2019,cycling (來咬我啊笨蛋),111.71.11.190,https://www.ptt.cc/bbs/Gossiping/M.1562932770.A.959.html,166,2,64
565,1TA7WtI5,Re: [檢舉] 超過五個帳號,Fri Jul 12 20:08:21 2019,arsonlolita (網路環保人士),114.136.207.234,https://www.ptt.cc/bbs/Gossiping/M.1562933303.A.485.html,364,31,227
566,1TA7kBig,Re: [新聞] 調查局高官轉蘇貞昌摔筆謠言 週刊踢爆是,Fri Jul 12 20:22:32 2019,ErikPonti (Ponti),118.160.88.216,https://www.ptt.cc/bbs/Gossiping/M.1562934155.A.B2A.html,136,3,45
567,1TA7u9q4,[新聞] 男退伍才覓工 雙親竟相繼中風病癱,Fri Jul 12 20:33:09 2019,iXXXXGAY5566 (我非四叉貓 有恩怨請找牠),123.194.139.202,https://www.ptt.cc/bbs/Gossiping/M.1562934793.A.D04.html,154,2,35
568,1TA80qJN,Re: [新聞] 大彎北就地合法 柯P:被我們特赦不是窮人,Fri Jul 12 20:42:26 2019,RandyXiao (RandyXiao),101.12.0.46,https://www.ptt.cc/bbs/Gossiping/M.1562935348.A.4D7.html,327,95,214
569,1TA888ER,[爆卦] 北檢發聲明司法不能因馬英九而標準不一,Fri Jul 12 20:50:03 2019,ueewen (ueewen),203.67.7.101,https://www.ptt.cc/bbs/Gossiping/M.1562935816.A.39B.html,171,21,69
570,1TA8PE0r,[問卦] 請大家繼續支持小穹(發錢),Fri Jul 12 21:08:28 2019,EmeraldAZ (小穹控),39.9.34.105,https://www.ptt.cc/bbs/Gossiping/M.1562936910.A.035.html,132,0,29
571,1TA8YO_Q,[新聞] 傳中國海關警告貨運公司 偷運黃雨傘、,Fri Jul 12 21:18:14 2019,DJSHD2 (GalaxyExplosionote7),59.120.229.98,https://www.ptt.cc/bbs/Gossiping/M.1562937496.A.FDA.html,157,14,62
572,1TA8hPrK,[新聞]氣炸了！美對台678億元軍售 中國宣布制裁,Fri Jul 12 21:27:50 2019,ckbdfrst (ckbdfrst),61.224.184.204,https://www.ptt.cc/bbs/Gossiping/M.1562938073.A.D54.html,163,8,108
573,1TA8hYAB,[新聞] 世大運舉TAIWAN旗幟被憲兵搶 法院判國安,Fri Jul 12 21:28:00 2019,batt0909 (小魚),42.74.138.213,https://www.ptt.cc/bbs/Gossiping/M.1562938082.A.28B.html,301,38,164
574,1TA8zPyP,[問卦]中國房東掌摑台灣女孩:台灣是中國的一個島,Fri Jul 12 21:47:03 2019,"hk416 (  ☑
  ☠
  ☜
  ✉
  ☎
♂♀  ♪  嫑  嫑的)",114.46.75.197,https://www.ptt.cc/bbs/Gossiping/M.1562939225.A.F19.html,168,21,112
575,1TAAVqV_,Re: [新聞] 世大運舉TAIWAN旗幟被憲兵搶 法院判國安,Fri Jul 12 23:32:01 2019,smallchocho (smallchocho),111.248.194.60,https://www.ptt.cc/bbs/Gossiping/M.1562945524.A.7FF.html,291,136,314
576,1TAEZ4el,[問卦] 凌晨4點，有誰還沒睡？,Sat Jul 13 04:08:31 2019,staff23 (筆名蘇溫永(志火偉大ㄟ),1.160.67.91,https://www.ptt.cc/bbs/Gossiping/M.1562962116.A.A2F.html,116,4,114
